inscripcion,"b'{""timestamp"": 1698514162, ""id"": ""v2tdm0lmhvnk"", ""nombre"": ""Maestro 8kv5zs8umb808xy"", ""email"": ""b@example.com"", ""estado"": ""rechazada"", ""paid"": false}'"
inscripcion,"b'{""timestamp"": 1698514165, ""id"": ""en6w2tj1bgnbkqgvsj"", ""nombre"": ""Maestro hbjf6"", ""email"": ""8tyoh9kocs2@example.com"", ""estado"": ""rechazada"", ""paid"": false}'"
inscripcion,"b'{""timestamp"": 1698514168, ""id"": ""jg05"", ""nombre"": ""Maestro 918egq"", ""email"": ""h88hftlr2o8y72egval@example.com"", ""estado"": ""pendiente"", ""paid"": true}'"
inscripcion,"b'{""timestamp"": 1698514171, ""id"": ""bf89e2"", ""nombre"": ""Maestro 0iaelndnkg5go9jkdc0w"", ""email"": ""n99gun@example.com"", ""estado"": ""aprobada"", ""paid"": false}'"
inscripcion,"b'{""timestamp"": 1698514174, ""id"": ""vzc29rl46giwev"", ""nombre"": ""Maestro l4kx7578t"", ""email"": ""vlngm60wht9puq@example.com"", ""estado"": ""pendiente"", ""paid"": true}'"
inscripcion,"b'{""timestamp"": 1698514177, ""id"": ""7ddbb04t5i87sx"", ""nombre"": ""Maestro 35az6azhxthdtn"", ""email"": ""xpgasqzm@example.com"", ""estado"": ""rechazada"", ""paid"": true}'"
inscripcion,"b'{""timestamp"": 1698514180, ""id"": ""a060blfluj"", ""nombre"": ""Maestro 56yztl4vbr"", ""email"": ""9f27s6jf@example.com"", ""estado"": ""rechazada"", ""paid"": false}'"
inscripcion,"b'{""timestamp"": 1698514183, ""id"": ""c"", ""nombre"": ""Maestro cm3w9i7am"", ""email"": ""9eaonmgnyx0np8@example.com"", ""estado"": ""aprobada"", ""paid"": true}'"
inscripcion,"b'{""timestamp"": 1698514186, ""id"": ""uuwhw"", ""nombre"": ""Maestro lq88tew1n727fc2xa"", ""email"": ""7w68dx942q@example.com"", ""estado"": ""rechazada"", ""paid"": true}'"
inscripcion,"b'{""timestamp"": 1698514189, ""id"": ""3e"", ""nombre"": ""Maestro gkwcy"", ""email"": ""jb46mqnh418@example.com"", ""estado"": ""rechazada"", ""paid"": true}'"
inscripcion,"b'{""timestamp"": 1698514192, ""id"": ""zue24pcl"", ""nombre"": ""Maestro azz55zb"", ""email"": ""12dc0t43p7@example.com"", ""estado"": ""pendiente"", ""paid"": false}'"
inscripcion,"b'{""timestamp"": 1698514195, ""id"": ""otfzg4if08z09gb"", ""nombre"": ""Maestro c2b2dsong2mtw8csqqan"", ""email"": ""l27@example.com"", ""estado"": ""aprobada"", ""paid"": false}'"
inscripcion,"b'{""timestamp"": 1698514198, ""id"": ""i"", ""nombre"": ""Maestro 2s3oi7bhrby3ti3"", ""email"": ""s2xtym@example.com"", ""estado"": ""pendiente"", ""paid"": true}'"
inscripcion,"b'{""timestamp"": 1698514201, ""id"": ""j79673433ubwhfr"", ""nombre"": ""Maestro m0esg8deo3pjx16z"", ""email"": ""ll6bfy@example.com"", ""estado"": ""rechazada"", ""paid"": true}'"
inscripcion,"b'{""timestamp"": 1698514204, ""id"": ""7e9dxgnsxf9y3"", ""nombre"": ""Maestro b94rz6xrw5lh"", ""email"": ""23e9fjaah5cce@example.com"", ""estado"": ""aprobada"", ""paid"": false}'"
inscripcion,"b'{""timestamp"": 1698514207, ""id"": ""jgf3eem5fu1"", ""nombre"": ""Maestro 7s0nrdtpib4ej6cjo2sl"", ""email"": ""216yo@example.com"", ""estado"": ""aprobada"", ""paid"": false}'"
inscripcion,"b'{""timestamp"": 1698514210, ""id"": ""ts5lgixi"", ""nombre"": ""Maestro ltsmlmlhanc"", ""email"": ""386bkezspfs@example.com"", ""estado"": ""rechazada"", ""paid"": true}'"
inscripcion,"b'{""timestamp"": 1698514213, ""id"": ""amrfp8778ypyu59o"", ""nombre"": ""Maestro 1p9bv5"", ""email"": ""y5kw9nru4qff05@example.com"", ""estado"": ""rechazada"", ""paid"": true}'"
inscripcion,"b'{""timestamp"": 1698514216, ""id"": ""t0r65ir6vc6aic50"", ""nombre"": ""Maestro 8"", ""email"": ""54uags6sousvqej@example.com"", ""estado"": ""rechazada"", ""paid"": false}'"
inscripcion,"b'{""timestamp"": 1698514219, ""id"": ""ok"", ""nombre"": ""Maestro 6hio3ny0ple9s"", ""email"": ""0350vsyfpw0y2qv6@example.com"", ""estado"": ""pendiente"", ""paid"": false}'"
inscripcion,"b'{""timestamp"": 1698514222, ""id"": ""r"", ""nombre"": ""Maestro 0th8rq6sdrgll4zu"", ""email"": ""395lc25crv4es@example.com"", ""estado"": ""pendiente"", ""paid"": false}'"
inscripcion,"b'{""timestamp"": 1698514225, ""id"": ""vh"", ""nombre"": ""Maestro cj0s"", ""email"": ""1psdwa2qx@example.com"", ""estado"": ""rechazada"", ""paid"": true}'"
inscripcion,"b'{""timestamp"": 1698514228, ""id"": ""yepzzw9ru3pl"", ""nombre"": ""Maestro 39uwk9d7vpc5"", ""email"": ""zn@example.com"", ""estado"": ""aprobada"", ""paid"": false}'"
inscripcion,"b'{""timestamp"": 1698514231, ""id"": ""3"", ""nombre"": ""Maestro eqe5ulirqyjwpa3"", ""email"": ""xljpb14654xltgr1@example.com"", ""estado"": ""rechazada"", ""paid"": true}'"
inscripcion,"b'{""timestamp"": 1698514234, ""id"": ""eh"", ""nombre"": ""Maestro omjmua1rk3mlhz3h"", ""email"": ""6yq70kpihx@example.com"", ""estado"": ""aprobada"", ""paid"": true}'"
inscripcion,"b'{""timestamp"": 1698514237, ""id"": ""vayovqbu0eg8klv0rba"", ""nombre"": ""Maestro vhgqon7tg0a"", ""email"": ""bk2k9pl88lawkmoty5@example.com"", ""estado"": ""pendiente"", ""paid"": true}'"
inscripcion,"b'{""timestamp"": 1698514240, ""id"": ""1j83g827ksggu4ln4z"", ""nombre"": ""Maestro vfmfc828z110d2h1s"", ""email"": ""1od9@example.com"", ""estado"": ""aprobada"", ""paid"": true}'"
inscripcion,"b'{""timestamp"": 1698514243, ""id"": ""g8vu9i2qk7gn"", ""nombre"": ""Maestro z"", ""email"": ""rkaaadhk771zq@example.com"", ""estado"": ""pendiente"", ""paid"": false}'"
inscripcion,"b'{""timestamp"": 1698514246, ""id"": ""25aes4cn3u1oii7vr"", ""nombre"": ""Maestro mzizpyn6lrnzqgbb7u"", ""email"": ""jbaw6jhfnb3w3ze@example.com"", ""estado"": ""aprobada"", ""paid"": true}'"
inscripcion,"b'{""timestamp"": 1698514249, ""id"": ""s1ytq0"", ""nombre"": ""Maestro qdqu2p4joz44g7ukfpvv"", ""email"": ""obw4j55dsj@example.com"", ""estado"": ""rechazada"", ""paid"": true}'"
inscripcion,"b'{""timestamp"": 1698514252, ""id"": ""ovlk5z"", ""nombre"": ""Maestro tb5n913ijiqbi"", ""email"": ""vssoh6tw5@example.com"", ""estado"": ""aprobada"", ""paid"": false}'"
inscripcion,"b'{""timestamp"": 1698514255, ""id"": ""yldy018ukn51cm"", ""nombre"": ""Maestro 6cepsgyhm6azw2b"", ""email"": ""qzl8h7kvkv@example.com"", ""estado"": ""pendiente"", ""paid"": false}'"
inscripcion,"b'{""timestamp"": 1698514258, ""id"": ""dxvxladfkb1mq0k"", ""nombre"": ""Maestro 799"", ""email"": ""z3ane@example.com"", ""estado"": ""rechazada"", ""paid"": false}'"
inscripcion,"b'{""timestamp"": 1698514261, ""id"": ""2nd7e7xh2m0f1sz0w"", ""nombre"": ""Maestro t"", ""email"": ""k@example.com"", ""estado"": ""pendiente"", ""paid"": true}'"
inscripcion,"b'{""timestamp"": 1698514264, ""id"": ""0cq"", ""nombre"": ""Maestro ty4ccbuvwvp0vgbl"", ""email"": ""45h98@example.com"", ""estado"": ""rechazada"", ""paid"": false}'"
inscripcion,"b'{""timestamp"": 1698514267, ""id"": ""2201h"", ""nombre"": ""Maestro pfqsinjxe65"", ""email"": ""uwweeqbbqjjv1k@example.com"", ""estado"": ""rechazada"", ""paid"": true}'"
inscripcion,"b'{""timestamp"": 1698514270, ""id"": ""p60jx7"", ""nombre"": ""Maestro vrftgu"", ""email"": ""l4@example.com"", ""estado"": ""pendiente"", ""paid"": true}'"
inscripcion,"b'{""timestamp"": 1698514273, ""id"": ""eumdm89ccfbl"", ""nombre"": ""Maestro sifl9qtsmej"", ""email"": ""cklav08geido0@example.com"", ""estado"": ""rechazada"", ""paid"": false}'"
inscripcion,"b'{""timestamp"": 1698514276, ""id"": ""uq16w77"", ""nombre"": ""Maestro qm7eyqmxfhqtz7gh1m6e"", ""email"": ""ez5knopfr6y@example.com"", ""estado"": ""pendiente"", ""paid"": true}'"
inscripcion,"b'{""timestamp"": 1698514279, ""id"": ""0c7kafvf9pi"", ""nombre"": ""Maestro 9xss3cqqh08ovkgb"", ""email"": ""n4kytm9yk4o6mz@example.com"", ""estado"": ""aprobada"", ""paid"": true}'"
inscripcion,"b'{""timestamp"": 1698514282, ""id"": ""r5wp0prosar3v"", ""nombre"": ""Maestro icsrhwjggnx"", ""email"": ""gm44v36eas@example.com"", ""estado"": ""aprobada"", ""paid"": true}'"
inscripcion,"b'{""timestamp"": 1698514285, ""id"": ""ilb7ro"", ""nombre"": ""Maestro xdibpzg9zv"", ""email"": ""svdhnuaerzy@example.com"", ""estado"": ""rechazada"", ""paid"": true}'"
inscripcion,"b'{""timestamp"": 1698514288, ""id"": ""qfp422"", ""nombre"": ""Maestro k2j"", ""email"": ""29ci0mksgrq@example.com"", ""estado"": ""rechazada"", ""paid"": false}'"
inscripcion,"b'{""timestamp"": 1698514291, ""id"": ""of7or4d7qac"", ""nombre"": ""Maestro 5y2hb30v664"", ""email"": ""k9g5808cte9@example.com"", ""estado"": ""rechazada"", ""paid"": true}'"
inscripcion,"b'{""timestamp"": 1698514294, ""id"": ""bu89cqfonf5s"", ""nombre"": ""Maestro 9etdvlu781s"", ""email"": ""cy@example.com"", ""estado"": ""aprobada"", ""paid"": false}'"
inscripcion,"b'{""timestamp"": 1698514297, ""id"": ""tjhbhonds"", ""nombre"": ""Maestro z4pq733hsno83b4"", ""email"": ""6b85ge0wjd@example.com"", ""estado"": ""pendiente"", ""paid"": true}'"
inscripcion,"b'{""timestamp"": 1698514300, ""id"": ""u1wqj2"", ""nombre"": ""Maestro csxbnz4"", ""email"": ""dh8k4zrgc2li511h@example.com"", ""estado"": ""pendiente"", ""paid"": false}'"
inscripcion,"b'{""timestamp"": 1698514303, ""id"": ""gdv0b9nhb0j106"", ""nombre"": ""Maestro d03p5p"", ""email"": ""ko@example.com"", ""estado"": ""rechazada"", ""paid"": true}'"
inscripcion,"b'{""timestamp"": 1698514306, ""id"": ""4sjv2s3"", ""nombre"": ""Maestro 5950uptga"", ""email"": ""1okg@example.com"", ""estado"": ""pendiente"", ""paid"": false}'"
inscripcion,"b'{""timestamp"": 1698514309, ""id"": ""0xwj4jax0"", ""nombre"": ""Maestro lkhbuxnmb6vzhtg"", ""email"": ""zw6ci95u1hojqh@example.com"", ""estado"": ""aprobada"", ""paid"": false}'"
inscripcion,"b'{""timestamp"": 1698514312, ""id"": ""bq17comicfuhvv"", ""nombre"": ""Maestro o70bokotfpzf"", ""email"": ""a@example.com"", ""estado"": ""rechazada"", ""paid"": false}'"
inscripcion,"b'{""timestamp"": 1698514315, ""id"": ""hixbwpf"", ""nombre"": ""Maestro nl375edihn6spbi"", ""email"": ""cht6z@example.com"", ""estado"": ""pendiente"", ""paid"": false}'"
inscripcion,"b'{""timestamp"": 1698514318, ""id"": ""noj2x"", ""nombre"": ""Maestro roe1wkejwbnzipjsjpjp"", ""email"": ""2@example.com"", ""estado"": ""rechazada"", ""paid"": true}'"
inscripcion,"b'{""timestamp"": 1698514321, ""id"": ""9xmz1g"", ""nombre"": ""Maestro a23kyxyw"", ""email"": ""d8g30jt6@example.com"", ""estado"": ""pendiente"", ""paid"": true}'"
inscripcion,"b'{""timestamp"": 1698514324, ""id"": ""67"", ""nombre"": ""Maestro u"", ""email"": ""mgn4rv8l2iio@example.com"", ""estado"": ""pendiente"", ""paid"": true}'"
inscripcion,"b'{""timestamp"": 1698514327, ""id"": ""cxqxsjzd3r3n"", ""nombre"": ""Maestro ywtelzlxpuf5wcjul"", ""email"": ""vtjfm67jn6@example.com"", ""estado"": ""pendiente"", ""paid"": true}'"
inscripcion,"b'{""timestamp"": 1698514330, ""id"": ""86yfu93z1"", ""nombre"": ""Maestro aranhiv4iiz2t1nh9k"", ""email"": ""r6miu82w@example.com"", ""estado"": ""pendiente"", ""paid"": false}'"
inscripcion,"b'{""timestamp"": 1698514333, ""id"": ""n"", ""nombre"": ""Maestro cx0aprtud6mi519mcgi"", ""email"": ""3oc77vwz@example.com"", ""estado"": ""pendiente"", ""paid"": false}'"
inscripcion,"b'{""timestamp"": 1698514336, ""id"": ""fkfwibemfkov3lb2f30i"", ""nombre"": ""Maestro 20dkvnud0nn41"", ""email"": ""8huemk74@example.com"", ""estado"": ""pendiente"", ""paid"": true}'"
inscripcion,"b'{""timestamp"": 1698514339, ""id"": ""c1s2wbj09tm1o4"", ""nombre"": ""Maestro fq6lpqxeuasaasy"", ""email"": ""akcso5w7te2v21a6wi@example.com"", ""estado"": ""aprobada"", ""paid"": true}'"
inscripcion,"b'{""timestamp"": 1698514342, ""id"": ""7wnu2vj09n53ik"", ""nombre"": ""Maestro jcj738ampaj7"", ""email"": ""yjierl6wc@example.com"", ""estado"": ""aprobada"", ""paid"": true}'"
inscripcion,"b'{""timestamp"": 1698514345, ""id"": ""c04e3249730"", ""nombre"": ""Maestro k7ylmq1gv2xd"", ""email"": ""oxejhb@example.com"", ""estado"": ""aprobada"", ""paid"": true}'"
inscripcion,"b'{""timestamp"": 1698514348, ""id"": ""qnxm"", ""nombre"": ""Maestro 3n3c3v4mknot7vzxzksm"", ""email"": ""l859j0lu2jpvupub9ew@example.com"", ""estado"": ""rechazada"", ""paid"": true}'"
inscripcion,"b'{""timestamp"": 1698514351, ""id"": ""x9ngvk164d6gkzf3jjt"", ""nombre"": ""Maestro nvdhf1xwfodk1rvlm"", ""email"": ""0o33jt8hy0ix@example.com"", ""estado"": ""aprobada"", ""paid"": false}'"
inscripcion,"b'{""timestamp"": 1698514354, ""id"": ""42"", ""nombre"": ""Maestro snkr"", ""email"": ""cxptokn@example.com"", ""estado"": ""rechazada"", ""paid"": true}'"
inscripcion,"b'{""timestamp"": 1698514357, ""id"": ""0"", ""nombre"": ""Maestro 063b1m9vvm5nzh"", ""email"": ""6z0es@example.com"", ""estado"": ""rechazada"", ""paid"": true}'"
inscripcion,"b'{""timestamp"": 1698514360, ""id"": ""k5u97h"", ""nombre"": ""Maestro 2ro1to4ghhj37"", ""email"": ""zonbkzfh365bdo0@example.com"", ""estado"": ""rechazada"", ""paid"": false}'"
inscripcion,"b'{""timestamp"": 1698514363, ""id"": ""8w8a708w50hqqi257y"", ""nombre"": ""Maestro zc"", ""email"": ""svis5vt8ehzd7onols@example.com"", ""estado"": ""rechazada"", ""paid"": false}'"
inscripcion,"b'{""timestamp"": 1698514366, ""id"": ""mktxejwr"", ""nombre"": ""Maestro yokl5g700ob70e2wqjc4"", ""email"": ""tvr095bcshr@example.com"", ""estado"": ""pendiente"", ""paid"": false}'"
inscripcion,"b'{""timestamp"": 1698514369, ""id"": ""p7hrt5regwj04fl"", ""nombre"": ""Maestro 3kryyy0xd4"", ""email"": ""j@example.com"", ""estado"": ""pendiente"", ""paid"": true}'"
inscripcion,"b'{""timestamp"": 1698514372, ""id"": ""259vp6fralhql3o"", ""nombre"": ""Maestro qwsi8lffb8ef4fl"", ""email"": ""p21v2hgpg@example.com"", ""estado"": ""aprobada"", ""paid"": true}'"
inscripcion,"b'{""timestamp"": 1698514375, ""id"": ""tcnvhmblfsdzri9ydrd"", ""nombre"": ""Maestro li2ot7lptg8th2q"", ""email"": ""vbovo7d8m@example.com"", ""estado"": ""rechazada"", ""paid"": true}'"
inscripcion,"b'{""timestamp"": 1698514378, ""id"": ""4ifrgbn"", ""nombre"": ""Maestro 56332k8"", ""email"": ""9k9nc2ekj40t8iskv@example.com"", ""estado"": ""pendiente"", ""paid"": true}'"
inscripcion,"b'{""timestamp"": 1698514381, ""id"": ""rlt6toibj"", ""nombre"": ""Maestro mseffg0o6b"", ""email"": ""bjmx9a4bk@example.com"", ""estado"": ""aprobada"", ""paid"": true}'"
inscripcion,"b'{""timestamp"": 1698514384, ""id"": ""y1era9x9ud7"", ""nombre"": ""Maestro ux4nrjcbq7"", ""email"": ""155v1x@example.com"", ""estado"": ""rechazada"", ""paid"": false}'"
inscripcion,"b'{""timestamp"": 1698514387, ""id"": ""ju9875tmz6rrjx"", ""nombre"": ""Maestro qfbyuvm"", ""email"": ""ez4fuh85m3571qxo@example.com"", ""estado"": ""rechazada"", ""paid"": true}'"
inscripcion,"b'{""timestamp"": 1698514390, ""id"": ""eanii2nyt4zyxr8"", ""nombre"": ""Maestro 1aci0u2kjulp75"", ""email"": ""4m@example.com"", ""estado"": ""rechazada"", ""paid"": true}'"
inscripcion,"b'{""timestamp"": 1698514393, ""id"": ""snp7y1"", ""nombre"": ""Maestro mhi8t3845l9d0gj8zll"", ""email"": ""hk2sz8@example.com"", ""estado"": ""aprobada"", ""paid"": true}'"
inscripcion,"b'{""timestamp"": 1698514396, ""id"": ""ymhgap61j7fqo4hpc7"", ""nombre"": ""Maestro b3k38xjns9rolxd27euj"", ""email"": ""scm6g2hx@example.com"", ""estado"": ""rechazada"", ""paid"": true}'"
inscripcion,"b'{""timestamp"": 1698514399, ""id"": ""xtsm7jkgts2lea"", ""nombre"": ""Maestro 95s17qv9sr4mwr3put"", ""email"": ""9ig32d2oplsd@example.com"", ""estado"": ""pendiente"", ""paid"": false}'"
inscripcion,"b'{""timestamp"": 1698514402, ""id"": ""2grv5b7roqnyvsf33f"", ""nombre"": ""Maestro 62jdj34"", ""email"": ""sn@example.com"", ""estado"": ""rechazada"", ""paid"": true}'"
inscripcion,"b'{""timestamp"": 1698514405, ""id"": ""74p4g8"", ""nombre"": ""Maestro sv36phv"", ""email"": ""soe@example.com"", ""estado"": ""pendiente"", ""paid"": false}'"
inscripcion,"b'{""timestamp"": 1698514408, ""id"": ""hyc51qh9rxkfakvbk5"", ""nombre"": ""Maestro 4nbjb3"", ""email"": ""nr4y@example.com"", ""estado"": ""pendiente"", ""paid"": false}'"
inscripcion,"b'{""timestamp"": 1698514411, ""id"": ""0y8"", ""nombre"": ""Maestro 0lhyk3"", ""email"": ""m47qnu5ick84l@example.com"", ""estado"": ""pendiente"", ""paid"": true}'"
inscripcion,"b'{""timestamp"": 1698514414, ""id"": ""hpjzfxm"", ""nombre"": ""Maestro ayutbqrywbas04bnayj"", ""email"": ""q7fsvjgonl56bbrf6@example.com"", ""estado"": ""rechazada"", ""paid"": false}'"
inscripcion,"b'{""timestamp"": 1698514417, ""id"": ""clvzqiokwpq1"", ""nombre"": ""Maestro 3xa637jfzg6iz"", ""email"": ""ea9wyr@example.com"", ""estado"": ""rechazada"", ""paid"": false}'"
inscripcion,"b'{""timestamp"": 1698514420, ""id"": ""r"", ""nombre"": ""Maestro o8b7cxpvd"", ""email"": ""poml7wsb00ghu@example.com"", ""estado"": ""aprobada"", ""paid"": true}'"
inscripcion,"b'{""timestamp"": 1698514423, ""id"": ""fhica"", ""nombre"": ""Maestro jpw327mqb68el"", ""email"": ""h65c2h14f3btkovnn@example.com"", ""estado"": ""aprobada"", ""paid"": true}'"
inscripcion,"b'{""timestamp"": 1698514426, ""id"": ""rxkl9pvjm9t7g002k8"", ""nombre"": ""Maestro 4zo441w71gka0jmsz5bd"", ""email"": ""68avf2kz3p@example.com"", ""estado"": ""rechazada"", ""paid"": true}'"
inscripcion,"b'{""timestamp"": 1698514429, ""id"": ""i2x2p"", ""nombre"": ""Maestro tr39lwn"", ""email"": ""jtz510xsybcbqmq65zbn@example.com"", ""estado"": ""pendiente"", ""paid"": true}'"
inscripcion,"b'{""timestamp"": 1698514432, ""id"": ""emuco2y8gf8i"", ""nombre"": ""Maestro ced5c3p6"", ""email"": ""lw9@example.com"", ""estado"": ""pendiente"", ""paid"": true}'"
inscripcion,"b'{""timestamp"": 1698514435, ""id"": ""mjwhdr5800d2n8zp1"", ""nombre"": ""Maestro wy78"", ""email"": ""4lipx@example.com"", ""estado"": ""rechazada"", ""paid"": false}'"
inscripcion,"b'{""timestamp"": 1698514438, ""id"": ""0ucji5wgi"", ""nombre"": ""Maestro du20lr9xc52"", ""email"": ""79a44z05@example.com"", ""estado"": ""rechazada"", ""paid"": true}'"
inscripcion,"b'{""timestamp"": 1698514441, ""id"": ""3k8ccu5"", ""nombre"": ""Maestro o78qkqkfqo09"", ""email"": ""uifrjx@example.com"", ""estado"": ""rechazada"", ""paid"": false}'"
inscripcion,"b'{""timestamp"": 1698514444, ""id"": ""ffixj8f35cmlvwu6"", ""nombre"": ""Maestro uyw654tt"", ""email"": ""jpzz8rbfm70o3b@example.com"", ""estado"": ""aprobada"", ""paid"": false}'"
inscripcion,"b'{""timestamp"": 1698514447, ""id"": ""h6"", ""nombre"": ""Maestro qk6"", ""email"": ""fb0gbazhjfsw73dwf@example.com"", ""estado"": ""aprobada"", ""paid"": false}'"
inscripcion,"b'{""timestamp"": 1698514450, ""id"": ""p4yfhxh"", ""nombre"": ""Maestro 705xlg5kvp0dntkueq"", ""email"": ""4z382wuuv@example.com"", ""estado"": ""aprobada"", ""paid"": false}'"
inscripcion,"b'{""timestamp"": 1698514453, ""id"": ""0e1d14"", ""nombre"": ""Maestro g97ima87zm53k1c"", ""email"": ""wfe6pyces3@example.com"", ""estado"": ""pendiente"", ""paid"": false}'"
inscripcion,"b'{""timestamp"": 1698514456, ""id"": ""tiopdv97l2ie2apgtjl1"", ""nombre"": ""Maestro vy59nj0ojibovh"", ""email"": ""6am0alew@example.com"", ""estado"": ""rechazada"", ""paid"": true}'"
inscripcion,"b'{""timestamp"": 1698514459, ""id"": ""pof88unmjsgjqnq"", ""nombre"": ""Maestro 3dcaxzj"", ""email"": ""4vko@example.com"", ""estado"": ""rechazada"", ""paid"": false}'"
inscripcion,"b'{""timestamp"": 1698514462, ""id"": ""d6e0rosvjndpwzx081l"", ""nombre"": ""Maestro 6i"", ""email"": ""4xdb4oukq@example.com"", ""estado"": ""aprobada"", ""paid"": true}'"
inscripcion,"b'{""timestamp"": 1698514465, ""id"": ""jukqraqur"", ""nombre"": ""Maestro 49b0xeme9vtgogzfi650"", ""email"": ""swf@example.com"", ""estado"": ""rechazada"", ""paid"": true}'"
inscripcion,"b'{""timestamp"": 1698514468, ""id"": ""i"", ""nombre"": ""Maestro 0a4ur"", ""email"": ""ugtm5@example.com"", ""estado"": ""rechazada"", ""paid"": true}'"
inscripcion,"b'{""timestamp"": 1698514471, ""id"": ""05y"", ""nombre"": ""Maestro 0gpvfulfjm7143s4gt"", ""email"": ""91fzw4z0irrypbb7ew@example.com"", ""estado"": ""rechazada"", ""paid"": true}'"
inscripcion,"b'{""timestamp"": 1698514474, ""id"": ""0hacmqbkgcvdulhd0o8"", ""nombre"": ""Maestro cc"", ""email"": ""jlpt@example.com"", ""estado"": ""pendiente"", ""paid"": true}'"
inscripcion,"b'{""timestamp"": 1698514477, ""id"": ""8rdgc45nvnhj"", ""nombre"": ""Maestro yzg77"", ""email"": ""8@example.com"", ""estado"": ""rechazada"", ""paid"": false}'"
inscripcion,"b'{""timestamp"": 1698514480, ""id"": ""hutry4l4w2s3eb5z5r"", ""nombre"": ""Maestro 1tqab66hrzx2cy3yur4"", ""email"": ""w@example.com"", ""estado"": ""pendiente"", ""paid"": true}'"
inscripcion,"b'{""timestamp"": 1698514483, ""id"": ""tb25b8punftc"", ""nombre"": ""Maestro 5"", ""email"": ""g2u9gt5viz7nti28b0@example.com"", ""estado"": ""aprobada"", ""paid"": false}'"
inscripcion,"b'{""timestamp"": 1698514486, ""id"": ""wdul"", ""nombre"": ""Maestro xr41"", ""email"": ""b90vcrb9@example.com"", ""estado"": ""rechazada"", ""paid"": true}'"
inscripcion,"b'{""timestamp"": 1698514489, ""id"": ""pj2ye70wks7u4s8gu"", ""nombre"": ""Maestro v3azmz6m2zl3hjpbv"", ""email"": ""bicw3c26a15w3vb952j@example.com"", ""estado"": ""aprobada"", ""paid"": true}'"
inscripcion,"b'{""timestamp"": 1698514492, ""id"": ""fv28k4m3zhez"", ""nombre"": ""Maestro q7bpfu5z6p0j7"", ""email"": ""0ebyn9x8qs8xmy68@example.com"", ""estado"": ""pendiente"", ""paid"": true}'"
inscripcion,"b'{""timestamp"": 1698514495, ""id"": ""dvpc7uc64mky5rmz1id"", ""nombre"": ""Maestro 0gwb"", ""email"": ""xlxqfxww@example.com"", ""estado"": ""aprobada"", ""paid"": true}'"
inscripcion,"b'{""timestamp"": 1698514498, ""id"": ""a351vfnmhfs18m"", ""nombre"": ""Maestro 6io1c6m"", ""email"": ""12fyxn95hg6y@example.com"", ""estado"": ""pendiente"", ""paid"": true}'"
inscripcion,"b'{""timestamp"": 1698514501, ""id"": ""5lwajai9yb9zr294"", ""nombre"": ""Maestro sexgbjj9v64uao"", ""email"": ""g8h71tpbbzwusl@example.com"", ""estado"": ""rechazada"", ""paid"": false}'"
inscripcion,"b'{""timestamp"": 1698514504, ""id"": ""fxn1h4gcncncri5izdhv"", ""nombre"": ""Maestro aahvshoqt4bkb49f"", ""email"": ""oavx8wqz4u2h@example.com"", ""estado"": ""aprobada"", ""paid"": false}'"
inscripcion,"b'{""timestamp"": 1698514507, ""id"": ""59y"", ""nombre"": ""Maestro 17rb77i"", ""email"": ""12zv8rsx@example.com"", ""estado"": ""aprobada"", ""paid"": false}'"
inscripcion,"b'{""timestamp"": 1698514510, ""id"": ""e7qix"", ""nombre"": ""Maestro f"", ""email"": ""ezsbosw@example.com"", ""estado"": ""rechazada"", ""paid"": true}'"
inscripcion,"b'{""timestamp"": 1698514513, ""id"": ""5ir24n1x25l1o8940os2"", ""nombre"": ""Maestro rtu"", ""email"": ""7ljxoypzh@example.com"", ""estado"": ""pendiente"", ""paid"": false}'"
inscripcion,"b'{""timestamp"": 1698514516, ""id"": ""56njf7g44380wbg"", ""nombre"": ""Maestro l6itn9"", ""email"": ""vbhj7@example.com"", ""estado"": ""aprobada"", ""paid"": true}'"
inscripcion,"b'{""timestamp"": 1698514519, ""id"": ""dyqvxyhp8"", ""nombre"": ""Maestro j"", ""email"": ""3o61bg839i5@example.com"", ""estado"": ""rechazada"", ""paid"": false}'"
inscripcion,"b'{""timestamp"": 1698514522, ""id"": ""4pdnveahkpgh"", ""nombre"": ""Maestro wuvf950"", ""email"": ""g0udsc@example.com"", ""estado"": ""rechazada"", ""paid"": false}'"
inscripcion,"b'{""timestamp"": 1698514525, ""id"": ""1kv4g1ajmf63"", ""nombre"": ""Maestro epiph"", ""email"": ""9@example.com"", ""estado"": ""rechazada"", ""paid"": false}'"
inscripcion,"b'{""timestamp"": 1698514528, ""id"": ""h8ntv9ctxi7a16kmkad"", ""nombre"": ""Maestro 8tp6q5hipzxgt5ijhb"", ""email"": ""pl871wrvvefsui4h@example.com"", ""estado"": ""rechazada"", ""paid"": false}'"
inscripcion,"b'{""timestamp"": 1698514531, ""id"": ""eaheydrjdkh9xoq7"", ""nombre"": ""Maestro wu"", ""email"": ""c@example.com"", ""estado"": ""aprobada"", ""paid"": false}'"
inscripcion,"b'{""timestamp"": 1698514534, ""id"": ""u3pricn9ov2osn"", ""nombre"": ""Maestro xwbl"", ""email"": ""qq7l6b1cxri@example.com"", ""estado"": ""rechazada"", ""paid"": false}'"
inscripcion,"b'{""timestamp"": 1698514537, ""id"": ""p6zh0dnq"", ""nombre"": ""Maestro bvy4o49lfjvlo5r"", ""email"": ""7t8c66t70ynk1k4l89k@example.com"", ""estado"": ""pendiente"", ""paid"": false}'"
inscripcion,"b'{""timestamp"": 1698514540, ""id"": ""xvn"", ""nombre"": ""Maestro wtdy7"", ""email"": ""4rffc5kga@example.com"", ""estado"": ""rechazada"", ""paid"": false}'"
inscripcion,"b'{""timestamp"": 1698514543, ""id"": ""3mb8ss8326b82bvpoy"", ""nombre"": ""Maestro ulqcpiiin1b1echj"", ""email"": ""230s18vs97j2elki1@example.com"", ""estado"": ""pendiente"", ""paid"": false}'"
inscripcion,"b'{""timestamp"": 1698514546, ""id"": ""7eq8jffc93weuy2n51ow"", ""nombre"": ""Maestro vm"", ""email"": ""oh3432@example.com"", ""estado"": ""rechazada"", ""paid"": false}'"
inscripcion,"b'{""timestamp"": 1698514549, ""id"": ""l5089r6g2fxdus8e479v"", ""nombre"": ""Maestro i9lqpt"", ""email"": ""e6fml38yaxgi4vbjq@example.com"", ""estado"": ""pendiente"", ""paid"": true}'"
inscripcion,"b'{""timestamp"": 1698514552, ""id"": ""u97"", ""nombre"": ""Maestro l8lnqrj0flsw6ywx9"", ""email"": ""2c9wco78yfnhuemawd@example.com"", ""estado"": ""aprobada"", ""paid"": false}'"
inscripcion,"b'{""timestamp"": 1698514555, ""id"": ""v40by10n16t"", ""nombre"": ""Maestro i09ib9knuk94s9bp6e76"", ""email"": ""wb4g8k46tqxsnylws@example.com"", ""estado"": ""rechazada"", ""paid"": false}'"
inscripcion,"b'{""timestamp"": 1698514558, ""id"": ""t"", ""nombre"": ""Maestro t90svkrur7"", ""email"": ""545v@example.com"", ""estado"": ""aprobada"", ""paid"": false}'"
inscripcion,"b'{""timestamp"": 1698514561, ""id"": ""6aifb6hep7dq"", ""nombre"": ""Maestro e"", ""email"": ""16vm5dznnlidi7@example.com"", ""estado"": ""aprobada"", ""paid"": false}'"
inscripcion,"b'{""timestamp"": 1698514564, ""id"": ""pmosfjken"", ""nombre"": ""Maestro mdwbsfbp51g4rbmux"", ""email"": ""31ea0njpuxh4npu2rxe@example.com"", ""estado"": ""rechazada"", ""paid"": false}'"
inscripcion,"b'{""timestamp"": 1698514567, ""id"": ""6fl0v05c2yckiey"", ""nombre"": ""Maestro e4j6571cfjsgk"", ""email"": ""xqfgrpwiz1xfuryfo@example.com"", ""estado"": ""pendiente"", ""paid"": true}'"
inscripcion,"b'{""timestamp"": 1698514570, ""id"": ""15p"", ""nombre"": ""Maestro ya43wc5x7"", ""email"": ""pzw1c6q88@example.com"", ""estado"": ""rechazada"", ""paid"": true}'"
inscripcion,"b'{""timestamp"": 1698514573, ""id"": ""ln"", ""nombre"": ""Maestro 7q75sn1ykkd1"", ""email"": ""urm@example.com"", ""estado"": ""pendiente"", ""paid"": false}'"
inscripcion,"b'{""timestamp"": 1698514576, ""id"": ""dbbqmkf"", ""nombre"": ""Maestro g5c"", ""email"": ""bc3bvqe3zg5pw9w661rl@example.com"", ""estado"": ""rechazada"", ""paid"": true}'"
inscripcion,"b'{""timestamp"": 1698514579, ""id"": ""1o6msmfmcdzyh15"", ""nombre"": ""Maestro eadn341e8zie"", ""email"": ""zqp9f@example.com"", ""estado"": ""pendiente"", ""paid"": false}'"
inscripcion,"b'{""timestamp"": 1698514582, ""id"": ""py"", ""nombre"": ""Maestro ewuec"", ""email"": ""h6lrg8lemnhx44qprqwt@example.com"", ""estado"": ""pendiente"", ""paid"": true}'"
inscripcion,"b'{""timestamp"": 1698514585, ""id"": ""p4nv1silzymbfru95lrc"", ""nombre"": ""Maestro sci0fmqjwknnlx"", ""email"": ""odyhbui2oisgyqcy72yx@example.com"", ""estado"": ""pendiente"", ""paid"": true}'"
inscripcion,"b'{""timestamp"": 1698514588, ""id"": ""ynkr1hjzjuzsdhh"", ""nombre"": ""Maestro zem2rq"", ""email"": ""299nd4122plqwa7@example.com"", ""estado"": ""aprobada"", ""paid"": false}'"
inscripcion,"b'{""timestamp"": 1698514591, ""id"": ""4r"", ""nombre"": ""Maestro l271h5x8itpueppu"", ""email"": ""tu02a6sjl156aez@example.com"", ""estado"": ""rechazada"", ""paid"": false}'"
inscripcion,"b'{""timestamp"": 1698514594, ""id"": ""w0oc500byxnain11"", ""nombre"": ""Maestro xhude"", ""email"": ""sb9vsr@example.com"", ""estado"": ""aprobada"", ""paid"": false}'"
inscripcion,"b'{""timestamp"": 1698514597, ""id"": ""8isvi"", ""nombre"": ""Maestro mq9jueelnb9msm1"", ""email"": ""siyv19t4cs@example.com"", ""estado"": ""aprobada"", ""paid"": true}'"
inscripcion,"b'{""timestamp"": 1698514600, ""id"": ""a8z4l"", ""nombre"": ""Maestro 7apklew"", ""email"": ""w1yo8ul4hspew18hw6tz@example.com"", ""estado"": ""aprobada"", ""paid"": true}'"
inscripcion,"b'{""timestamp"": 1698514603, ""id"": ""vcvqj87b44ub"", ""nombre"": ""Maestro mkg"", ""email"": ""exk3z82s@example.com"", ""estado"": ""pendiente"", ""paid"": true}'"
inscripcion,"b'{""timestamp"": 1698514606, ""id"": ""yo9udxl8gvg4z45re8i"", ""nombre"": ""Maestro lz3qxu"", ""email"": ""aqj9b7krzxwndod@example.com"", ""estado"": ""aprobada"", ""paid"": true}'"
inscripcion,"b'{""timestamp"": 1698514609, ""id"": ""r9t25nh"", ""nombre"": ""Maestro ly6vboqb"", ""email"": ""ep@example.com"", ""estado"": ""pendiente"", ""paid"": false}'"
inscripcion,"b'{""timestamp"": 1698514612, ""id"": ""dtkwvykffp"", ""nombre"": ""Maestro qlxe8p6d"", ""email"": ""azog63g5hxpl52qh4wl@example.com"", ""estado"": ""rechazada"", ""paid"": false}'"
inscripcion,"b'{""timestamp"": 1698514615, ""id"": ""3ul"", ""nombre"": ""Maestro 0fp0"", ""email"": ""iev34sryq@example.com"", ""estado"": ""rechazada"", ""paid"": false}'"
inscripcion,"b'{""timestamp"": 1698514618, ""id"": ""ga45b4a3t"", ""nombre"": ""Maestro dxgha0miuc5lws2dt"", ""email"": ""v6zwy3jtjey9z6n4tq@example.com"", ""estado"": ""pendiente"", ""paid"": true}'"
inscripcion,"b'{""timestamp"": 1698514621, ""id"": ""6dtbz8m"", ""nombre"": ""Maestro yy9arsa09xoieq67f3kr"", ""email"": ""1fdzo911jowt18wewcp5@example.com"", ""estado"": ""aprobada"", ""paid"": true}'"
inscripcion,"b'{""timestamp"": 1698514624, ""id"": ""m"", ""nombre"": ""Maestro dqcahiqo8q"", ""email"": ""83pz2sij0ck6jun@example.com"", ""estado"": ""pendiente"", ""paid"": false}'"
inscripcion,"b'{""timestamp"": 1698514627, ""id"": ""d2qqe5u7qrmt"", ""nombre"": ""Maestro 6wogc8nqkufsifgs"", ""email"": ""cv9yzp73pxxh@example.com"", ""estado"": ""pendiente"", ""paid"": false}'"
inscripcion,"b'{""timestamp"": 1698514630, ""id"": ""snqdafzt1mni"", ""nombre"": ""Maestro jxgdsx7t4u3tei6lx8ls"", ""email"": ""xcr@example.com"", ""estado"": ""pendiente"", ""paid"": true}'"
inscripcion,"b'{""timestamp"": 1698514633, ""id"": ""ady0t3usp6n7i2y7805h"", ""nombre"": ""Maestro usa5ts5aof0jv8yobd"", ""email"": ""jwkwc@example.com"", ""estado"": ""aprobada"", ""paid"": false}'"
inscripcion,"b'{""timestamp"": 1698514636, ""id"": ""0b"", ""nombre"": ""Maestro u0z7hk97f2iauv7k"", ""email"": ""9ixjpbizwzd1mtk4q5t4@example.com"", ""estado"": ""pendiente"", ""paid"": false}'"
inscripcion,"b'{""timestamp"": 1698514639, ""id"": ""75oyc23zs9f"", ""nombre"": ""Maestro aah2jo1hb4zivt6543h7"", ""email"": ""b0uxr9b2ln07msps@example.com"", ""estado"": ""rechazada"", ""paid"": true}'"
inscripcion,"b'{""timestamp"": 1698514642, ""id"": ""g0iy82v621fv0y"", ""nombre"": ""Maestro nrdsaernr1ajkhd4yx"", ""email"": ""3g@example.com"", ""estado"": ""aprobada"", ""paid"": true}'"
inscripcion,"b'{""timestamp"": 1698514645, ""id"": ""z2uzwtgw5r7f3e2"", ""nombre"": ""Maestro yh8ltg6ignrz"", ""email"": ""woq5kazfcw@example.com"", ""estado"": ""pendiente"", ""paid"": false}'"
inscripcion,"b'{""timestamp"": 1698514648, ""id"": ""iy4geflqz"", ""nombre"": ""Maestro cjofz47rwwn0m5jmul"", ""email"": ""5pl@example.com"", ""estado"": ""pendiente"", ""paid"": false}'"
inscripcion,"b'{""timestamp"": 1698514651, ""id"": ""rm90i4"", ""nombre"": ""Maestro xcoagua25f08ijtd53"", ""email"": ""2jalew9xgb@example.com"", ""estado"": ""rechazada"", ""paid"": false}'"
inscripcion,"b'{""timestamp"": 1698514654, ""id"": ""h2tl5re9pcogee2q"", ""nombre"": ""Maestro kzod354yrzty505"", ""email"": ""ni4@example.com"", ""estado"": ""aprobada"", ""paid"": true}'"
inscripcion,"b'{""timestamp"": 1698514657, ""id"": ""z33uz1gh2r2xqfg"", ""nombre"": ""Maestro 3rj3nhs"", ""email"": ""k4lt4b4osjdtsgp2m6@example.com"", ""estado"": ""pendiente"", ""paid"": true}'"
inscripcion,"b'{""timestamp"": 1698514660, ""id"": ""qxvezet0i1cy8w8r"", ""nombre"": ""Maestro kybyu48l00w82ft"", ""email"": ""cnirfa7n2g@example.com"", ""estado"": ""pendiente"", ""paid"": true}'"
inscripcion,"b'{""timestamp"": 1698514663, ""id"": ""fcgdkok8q78kjv4z5"", ""nombre"": ""Maestro cdm243bah2ejly"", ""email"": ""t9nlbyqt@example.com"", ""estado"": ""rechazada"", ""paid"": false}'"
inscripcion,"b'{""timestamp"": 1698514666, ""id"": ""2rwvt15kowk"", ""nombre"": ""Maestro ugyuo"", ""email"": ""hj2pk@example.com"", ""estado"": ""rechazada"", ""paid"": false}'"
inscripcion,"b'{""timestamp"": 1698514669, ""id"": ""di"", ""nombre"": ""Maestro e96noj"", ""email"": ""xjjnq0kz7q8ldo547@example.com"", ""estado"": ""rechazada"", ""paid"": false}'"
inscripcion,"b'{""timestamp"": 1698514672, ""id"": ""8d4n1ukeoy4k0369"", ""nombre"": ""Maestro 6r1emk7e"", ""email"": ""6b3zij5mfbf66@example.com"", ""estado"": ""pendiente"", ""paid"": false}'"
inscripcion,"b'{""timestamp"": 1698514675, ""id"": ""wzqznbn3je6idxx4554q"", ""nombre"": ""Maestro d"", ""email"": ""i6v7e@example.com"", ""estado"": ""aprobada"", ""paid"": false}'"
inscripcion,"b'{""timestamp"": 1698514678, ""id"": ""p876uoxefrq72hn"", ""nombre"": ""Maestro y1"", ""email"": ""kss1rx3@example.com"", ""estado"": ""aprobada"", ""paid"": false}'"
inscripcion,"b'{""timestamp"": 1698514681, ""id"": ""gfkr"", ""nombre"": ""Maestro nwwyr7zu31"", ""email"": ""09@example.com"", ""estado"": ""rechazada"", ""paid"": true}'"
inscripcion,"b'{""timestamp"": 1698514684, ""id"": ""09ee"", ""nombre"": ""Maestro zxnmvikpsa2ey"", ""email"": ""6tfiah@example.com"", ""estado"": ""pendiente"", ""paid"": false}'"
inscripcion,"b'{""timestamp"": 1698514687, ""id"": ""srkssfvrv9v2"", ""nombre"": ""Maestro duk7ine2m"", ""email"": ""pz@example.com"", ""estado"": ""pendiente"", ""paid"": true}'"
inscripcion,"b'{""timestamp"": 1698514690, ""id"": ""mqdm2shlwg5"", ""nombre"": ""Maestro cq5f"", ""email"": ""crdcd0b@example.com"", ""estado"": ""pendiente"", ""paid"": false}'"
inscripcion,"b'{""timestamp"": 1698514693, ""id"": ""9oihp78hyxsee22w8wc"", ""nombre"": ""Maestro 4"", ""email"": ""veooc05gfqz2fbt@example.com"", ""estado"": ""aprobada"", ""paid"": true}'"
inscripcion,"b'{""timestamp"": 1698514696, ""id"": ""9pqydiyki"", ""nombre"": ""Maestro fb8"", ""email"": ""6alo1dcbi6r5@example.com"", ""estado"": ""aprobada"", ""paid"": true}'"
inscripcion,"b'{""timestamp"": 1698514699, ""id"": ""lbwrf19nidk5ura695l"", ""nombre"": ""Maestro vcwk97x2svczpzwtvky"", ""email"": ""0a@example.com"", ""estado"": ""aprobada"", ""paid"": false}'"
inscripcion,"b'{""timestamp"": 1698514702, ""id"": ""cdf"", ""nombre"": ""Maestro nu0ftuqtboji7ozt7tzo"", ""email"": ""jm7d1oha5ce7@example.com"", ""estado"": ""aprobada"", ""paid"": false}'"
inscripcion,"b'{""timestamp"": 1698514705, ""id"": ""kusjz14i9lkglvn"", ""nombre"": ""Maestro fs7g3rmwlmb1a"", ""email"": ""bfnoifc@example.com"", ""estado"": ""aprobada"", ""paid"": false}'"
inscripcion,"b'{""timestamp"": 1698514708, ""id"": ""c"", ""nombre"": ""Maestro 359diz"", ""email"": ""yigfdxt3xxm@example.com"", ""estado"": ""rechazada"", ""paid"": true}'"
inscripcion,"b'{""timestamp"": 1698514711, ""id"": ""geeqs"", ""nombre"": ""Maestro vbrcuh"", ""email"": ""6zz@example.com"", ""estado"": ""pendiente"", ""paid"": false}'"
inscripcion,"b'{""timestamp"": 1698514714, ""id"": ""lu047mu"", ""nombre"": ""Maestro udsqtmvypaet75"", ""email"": ""oluxc0b8isspuxll3@example.com"", ""estado"": ""aprobada"", ""paid"": false}'"
inscripcion,"b'{""timestamp"": 1698514717, ""id"": ""6b4yqpvo0q"", ""nombre"": ""Maestro 94qi7mtjjwddx"", ""email"": ""0a48c0yctj@example.com"", ""estado"": ""pendiente"", ""paid"": false}'"
inscripcion,"b'{""timestamp"": 1698514720, ""id"": ""meje2ibnmvc"", ""nombre"": ""Maestro k1mnsz0iut8w63q4s"", ""email"": ""icv8@example.com"", ""estado"": ""aprobada"", ""paid"": false}'"
inscripcion,"b'{""timestamp"": 1698514723, ""id"": ""ue94n16o5gim6zh"", ""nombre"": ""Maestro mp2l5uw9oeodrv"", ""email"": ""27hk6cvj@example.com"", ""estado"": ""pendiente"", ""paid"": false}'"
inscripcion,"b'{""timestamp"": 1698514726, ""id"": ""o"", ""nombre"": ""Maestro 2m7d3qa3ozburnp"", ""email"": ""25bic8ciny4gla@example.com"", ""estado"": ""rechazada"", ""paid"": false}'"
inscripcion,"b'{""timestamp"": 1698514729, ""id"": ""t7kpbqvptd816m"", ""nombre"": ""Maestro rtfmd"", ""email"": ""mqijsikfc@example.com"", ""estado"": ""aprobada"", ""paid"": true}'"
inscripcion,"b'{""timestamp"": 1698514732, ""id"": ""3"", ""nombre"": ""Maestro r7cf"", ""email"": ""u@example.com"", ""estado"": ""aprobada"", ""paid"": true}'"
inscripcion,"b'{""timestamp"": 1698514735, ""id"": ""7q498lg3quv"", ""nombre"": ""Maestro x90i0igeh7g7egsrxgnc"", ""email"": ""adfjs5txal@example.com"", ""estado"": ""aprobada"", ""paid"": true}'"
inscripcion,"b'{""timestamp"": 1698514738, ""id"": ""zes1hzpub3fnv6xw"", ""nombre"": ""Maestro gxz5oxe"", ""email"": ""lsk2sv6@example.com"", ""estado"": ""pendiente"", ""paid"": false}'"
inscripcion,"b'{""timestamp"": 1698514741, ""id"": ""5sujk"", ""nombre"": ""Maestro j7zszeqys5"", ""email"": ""1p51gzi8xz@example.com"", ""estado"": ""rechazada"", ""paid"": false}'"
inscripcion,"b'{""timestamp"": 1698514744, ""id"": ""k31"", ""nombre"": ""Maestro 0l3fvrjkd4dnt99mu958"", ""email"": ""n86@example.com"", ""estado"": ""pendiente"", ""paid"": false}'"
inscripcion,"b'{""timestamp"": 1698514747, ""id"": ""yyd0ithl6n4vrywd"", ""nombre"": ""Maestro l"", ""email"": ""7j4f@example.com"", ""estado"": ""pendiente"", ""paid"": false}'"
inscripcion,"b'{""timestamp"": 1698514750, ""id"": ""ao7bje3j0ej"", ""nombre"": ""Maestro lxi7z44nkvs5aia80f"", ""email"": ""1e7c@example.com"", ""estado"": ""aprobada"", ""paid"": false}'"
inscripcion,"b'{""timestamp"": 1698514753, ""id"": ""h"", ""nombre"": ""Maestro irx4c5sb2u2l69nl9zu"", ""email"": ""avnn3401@example.com"", ""estado"": ""rechazada"", ""paid"": true}'"
inscripcion,"b'{""timestamp"": 1698514756, ""id"": ""yntovr144"", ""nombre"": ""Maestro zm7s44"", ""email"": ""bzkkn62@example.com"", ""estado"": ""pendiente"", ""paid"": false}'"
inscripcion,"b'{""timestamp"": 1698514759, ""id"": ""8qf"", ""nombre"": ""Maestro qtga18s6fgdtct05g2"", ""email"": ""374pxist6@example.com"", ""estado"": ""rechazada"", ""paid"": false}'"
inscripcion,"b'{""timestamp"": 1698514762, ""id"": ""0cyklwk75lplh1i"", ""nombre"": ""Maestro pkxbtbo24raqats1pux"", ""email"": ""g2p3jbhjt58exg7qnugv@example.com"", ""estado"": ""aprobada"", ""paid"": false}'"
inscripcion,"b'{""timestamp"": 1698514765, ""id"": ""vlvue4"", ""nombre"": ""Maestro w0r6y6b"", ""email"": ""d8e5sjjp38iulkip@example.com"", ""estado"": ""aprobada"", ""paid"": false}'"
inscripcion,"b'{""timestamp"": 1698514768, ""id"": ""jn7ori68e32l3b7"", ""nombre"": ""Maestro 5lly9kvx1"", ""email"": ""39qa@example.com"", ""estado"": ""rechazada"", ""paid"": false}'"
inscripcion,"b'{""timestamp"": 1698514771, ""id"": ""ff3vi"", ""nombre"": ""Maestro gyiynng66aifl5f0n"", ""email"": ""od1s@example.com"", ""estado"": ""pendiente"", ""paid"": false}'"
inscripcion,"b'{""timestamp"": 1698514774, ""id"": ""95z35m"", ""nombre"": ""Maestro ol"", ""email"": ""8pj52s0f6beayumbkeae@example.com"", ""estado"": ""aprobada"", ""paid"": false}'"
inscripcion,"b'{""timestamp"": 1698514777, ""id"": ""w"", ""nombre"": ""Maestro 9nf8iyh53djm"", ""email"": ""pog8plszfhtpmciv@example.com"", ""estado"": ""rechazada"", ""paid"": false}'"
inscripcion,"b'{""timestamp"": 1698514780, ""id"": ""cary"", ""nombre"": ""Maestro 552vmq"", ""email"": ""jf@example.com"", ""estado"": ""pendiente"", ""paid"": true}'"
inscripcion,"b'{""timestamp"": 1698514783, ""id"": ""meooafi5a8ca52j3mbei"", ""nombre"": ""Maestro bd8d3mz3xhrd0f7zbb"", ""email"": ""warrb5stxwaf2s@example.com"", ""estado"": ""aprobada"", ""paid"": false}'"
inscripcion,"b'{""timestamp"": 1698514786, ""id"": ""i9a08zhebdpdvigb"", ""nombre"": ""Maestro uu5wb536as"", ""email"": ""3hfpkyq0hfny92l@example.com"", ""estado"": ""pendiente"", ""paid"": false}'"
inscripcion,"b'{""timestamp"": 1698514789, ""id"": ""ag2x"", ""nombre"": ""Maestro blwixkdusm6w7"", ""email"": ""8mx7nikk6c3wqgpz@example.com"", ""estado"": ""rechazada"", ""paid"": true}'"
inscripcion,"b'{""timestamp"": 1698514792, ""id"": ""kffo3e40kn9euck"", ""nombre"": ""Maestro x6qo8sso6ztm"", ""email"": ""sg8p5bjo87qpob@example.com"", ""estado"": ""pendiente"", ""paid"": true}'"
inscripcion,"b'{""timestamp"": 1698514795, ""id"": ""1cakp5jvf4qvg2dd"", ""nombre"": ""Maestro 02ww31f"", ""email"": ""v41vy0lo0ugpllv43z@example.com"", ""estado"": ""rechazada"", ""paid"": false}'"
inscripcion,"b'{""timestamp"": 1698514798, ""id"": ""tkpm9d3g3itaqb9"", ""nombre"": ""Maestro oiwabyqgv"", ""email"": ""7ce6b0jl71zcahkvdy6m@example.com"", ""estado"": ""rechazada"", ""paid"": true}'"
inscripcion,"b'{""timestamp"": 1698514801, ""id"": ""4hk"", ""nombre"": ""Maestro sgq5ku"", ""email"": ""qt8s3@example.com"", ""estado"": ""aprobada"", ""paid"": true}'"
inscripcion,"b'{""timestamp"": 1698514804, ""id"": ""1wwjayl"", ""nombre"": ""Maestro as2w62n5bs4zalh"", ""email"": ""zkxn8y81oe@example.com"", ""estado"": ""rechazada"", ""paid"": false}'"
inscripcion,"b'{""timestamp"": 1698514807, ""id"": ""4kecevtt98omrh209r"", ""nombre"": ""Maestro hrpfndy3i02o2t8qfa0x"", ""email"": ""jwlnu2@example.com"", ""estado"": ""rechazada"", ""paid"": true}'"
inscripcion,"b'{""timestamp"": 1698514810, ""id"": ""jp"", ""nombre"": ""Maestro wk1zl"", ""email"": ""uxo@example.com"", ""estado"": ""pendiente"", ""paid"": true}'"
inscripcion,"b'{""timestamp"": 1698514813, ""id"": ""hva7"", ""nombre"": ""Maestro yknik359vkeq"", ""email"": ""mo7sa3ymf@example.com"", ""estado"": ""rechazada"", ""paid"": false}'"
inscripcion,"b'{""timestamp"": 1698514816, ""id"": ""4r2prq1qrr77ljkm0"", ""nombre"": ""Maestro tdf5"", ""email"": ""qtks09bjr9@example.com"", ""estado"": ""rechazada"", ""paid"": false}'"
inscripcion,"b'{""timestamp"": 1698514819, ""id"": ""2o4034e5ya2e1hw96l"", ""nombre"": ""Maestro 7o76esck6l"", ""email"": ""025s@example.com"", ""estado"": ""rechazada"", ""paid"": false}'"
inscripcion,"b'{""timestamp"": 1698514822, ""id"": ""mz8licci962f20k3e"", ""nombre"": ""Maestro yr18iczg0"", ""email"": ""4lbk04@example.com"", ""estado"": ""pendiente"", ""paid"": true}'"
inscripcion,"b'{""timestamp"": 1698514825, ""id"": ""9ofiqc06y"", ""nombre"": ""Maestro 4e0ll77l4rfp"", ""email"": ""775l6yzkab598hvtejl@example.com"", ""estado"": ""rechazada"", ""paid"": true}'"
inscripcion,"b'{""timestamp"": 1698514828, ""id"": ""cbyhk762hpd"", ""nombre"": ""Maestro i3qa5ueo"", ""email"": ""lo55h71@example.com"", ""estado"": ""aprobada"", ""paid"": false}'"
inscripcion,"b'{""timestamp"": 1698514831, ""id"": ""t735oj"", ""nombre"": ""Maestro 7jjsfnpp99kdz"", ""email"": ""qw9h6r3q6klg36gmd4rg@example.com"", ""estado"": ""pendiente"", ""paid"": false}'"
inscripcion,"b'{""timestamp"": 1698514834, ""id"": ""g90"", ""nombre"": ""Maestro x40zhounhoxkx3"", ""email"": ""qt7ehlzixy7cd83q5juy@example.com"", ""estado"": ""pendiente"", ""paid"": true}'"
inscripcion,"b'{""timestamp"": 1698514837, ""id"": ""g5ew"", ""nombre"": ""Maestro krqskqy"", ""email"": ""jrq1a0w096byjd1823ux@example.com"", ""estado"": ""aprobada"", ""paid"": true}'"
inscripcion,"b'{""timestamp"": 1698514840, ""id"": ""x9jwt8"", ""nombre"": ""Maestro is7ghaufu0r"", ""email"": ""gvjzmv1z7hiwierf1c7@example.com"", ""estado"": ""pendiente"", ""paid"": true}'"
inscripcion,"b'{""timestamp"": 1698514843, ""id"": ""19f"", ""nombre"": ""Maestro vflckg0n2qlk1nrh49fn"", ""email"": ""5sg6ad2lvutusz93@example.com"", ""estado"": ""rechazada"", ""paid"": true}'"
inscripcion,"b'{""timestamp"": 1698514846, ""id"": ""uutoe9gjmis279"", ""nombre"": ""Maestro 5nx13sdlz8seaztjg65q"", ""email"": ""wm7ozv5ie@example.com"", ""estado"": ""pendiente"", ""paid"": true}'"
inscripcion,"b'{""timestamp"": 1698514849, ""id"": ""0qa5n5nr7l2jadp3dj"", ""nombre"": ""Maestro 5w67clp68a20qd"", ""email"": ""alz332tpsh93do891y@example.com"", ""estado"": ""rechazada"", ""paid"": true}'"
inscripcion,"b'{""timestamp"": 1698514852, ""id"": ""z9nx"", ""nombre"": ""Maestro z01gy"", ""email"": ""dkadspmhra6ogct@example.com"", ""estado"": ""rechazada"", ""paid"": true}'"
inscripcion,"b'{""timestamp"": 1698514855, ""id"": ""t7pmy4c8svgu54esdc"", ""nombre"": ""Maestro fnatz9cicxb"", ""email"": ""76jfmo956@example.com"", ""estado"": ""aprobada"", ""paid"": false}'"
inscripcion,"b'{""timestamp"": 1698514858, ""id"": ""0lo1x0df96nldpfmbk"", ""nombre"": ""Maestro 5h8wuzzxn0s"", ""email"": ""8@example.com"", ""estado"": ""rechazada"", ""paid"": true}'"
inscripcion,"b'{""timestamp"": 1698514861, ""id"": ""xd"", ""nombre"": ""Maestro z3"", ""email"": ""e1ei73lbc6ee4aj56fa9@example.com"", ""estado"": ""pendiente"", ""paid"": true}'"
inscripcion,"b'{""timestamp"": 1698514864, ""id"": ""3mu5fieynv"", ""nombre"": ""Maestro 2yuhbu42o"", ""email"": ""bm3y8le14arlx4a1qk@example.com"", ""estado"": ""rechazada"", ""paid"": true}'"
inscripcion,"b'{""timestamp"": 1698514867, ""id"": ""agp9y6u7k0vgjbftv4z"", ""nombre"": ""Maestro at0qpxz8edxrhpqpg"", ""email"": ""8k62aybzkgw3d2ls@example.com"", ""estado"": ""pendiente"", ""paid"": false}'"
inscripcion,"b'{""timestamp"": 1698514870, ""id"": ""404ro1"", ""nombre"": ""Maestro ds"", ""email"": ""l7hw7b0e@example.com"", ""estado"": ""rechazada"", ""paid"": false}'"
inscripcion,"b'{""timestamp"": 1698514873, ""id"": ""6t7op44agyffdjf9zmgr"", ""nombre"": ""Maestro whv70s2i1cor"", ""email"": ""p4txqj37lo@example.com"", ""estado"": ""aprobada"", ""paid"": false}'"
inscripcion,"b'{""timestamp"": 1698514876, ""id"": ""v0"", ""nombre"": ""Maestro q46t6zl"", ""email"": ""n7y7dvz2fzwh6jtalgcw@example.com"", ""estado"": ""pendiente"", ""paid"": false}'"
inscripcion,"b'{""timestamp"": 1698514879, ""id"": ""2hmi50tpnp"", ""nombre"": ""Maestro svxs427"", ""email"": ""14gyvha@example.com"", ""estado"": ""aprobada"", ""paid"": true}'"
inscripcion,"b'{""timestamp"": 1698514882, ""id"": ""p0"", ""nombre"": ""Maestro hr26lc26jo53vck"", ""email"": ""acao@example.com"", ""estado"": ""pendiente"", ""paid"": false}'"
inscripcion,"b'{""timestamp"": 1698514885, ""id"": ""24c0bw17l33yp77j"", ""nombre"": ""Maestro cngu3"", ""email"": ""seajtf6v@example.com"", ""estado"": ""pendiente"", ""paid"": false}'"
inscripcion,"b'{""timestamp"": 1698514888, ""id"": ""se6v7fnncl2quc"", ""nombre"": ""Maestro 6vmb"", ""email"": ""0za4uy7c@example.com"", ""estado"": ""aprobada"", ""paid"": false}'"
inscripcion,"b'{""timestamp"": 1698514891, ""id"": ""quzh6o"", ""nombre"": ""Maestro txdouo4s"", ""email"": ""g@example.com"", ""estado"": ""rechazada"", ""paid"": true}'"
inscripcion,"b'{""timestamp"": 1698514894, ""id"": ""wk5g7sshssa"", ""nombre"": ""Maestro vvvixjysmao7"", ""email"": ""v0npnpyniq434lz@example.com"", ""estado"": ""rechazada"", ""paid"": true}'"
inscripcion,"b'{""timestamp"": 1698514897, ""id"": ""jvvrsj9tcp9xru"", ""nombre"": ""Maestro csk"", ""email"": ""bne3gt54ggky7@example.com"", ""estado"": ""aprobada"", ""paid"": true}'"
inscripcion,"b'{""timestamp"": 1698514900, ""id"": ""jim8f3t4sa083p8"", ""nombre"": ""Maestro 07sat3nn6"", ""email"": ""83t5at0t4@example.com"", ""estado"": ""pendiente"", ""paid"": true}'"
inscripcion,"b'{""timestamp"": 1698514903, ""id"": ""hdoaoalph5"", ""nombre"": ""Maestro aagfj16d"", ""email"": ""klab17xnllwh6@example.com"", ""estado"": ""rechazada"", ""paid"": true}'"
inscripcion,"b'{""timestamp"": 1698514906, ""id"": ""h41dlncuje"", ""nombre"": ""Maestro tlu9f"", ""email"": ""p001k7cmqgj9xnnrxc@example.com"", ""estado"": ""pendiente"", ""paid"": true}'"
inscripcion,"b'{""timestamp"": 1698514909, ""id"": ""dbqt9"", ""nombre"": ""Maestro r8s"", ""email"": ""k@example.com"", ""estado"": ""rechazada"", ""paid"": true}'"
inscripcion,"b'{""timestamp"": 1698514912, ""id"": ""2fg4wwje5vrj9g7"", ""nombre"": ""Maestro pcxc3u"", ""email"": ""s1z40c5law@example.com"", ""estado"": ""aprobada"", ""paid"": true}'"
inscripcion,"b'{""timestamp"": 1698514915, ""id"": ""zthq1fixjblsn299z9sw"", ""nombre"": ""Maestro vnk1o7eyp8m2r"", ""email"": ""zqxjcx5izfqvs@example.com"", ""estado"": ""rechazada"", ""paid"": false}'"
inscripcion,"b'{""timestamp"": 1698514918, ""id"": ""fd"", ""nombre"": ""Maestro 20bcyvrxo60d"", ""email"": ""ovdrgr3750txqj3jw9y@example.com"", ""estado"": ""rechazada"", ""paid"": true}'"
inscripcion,"b'{""timestamp"": 1698514921, ""id"": ""im1iythwpqj"", ""nombre"": ""Maestro bo9vzcgcy9"", ""email"": ""fg@example.com"", ""estado"": ""pendiente"", ""paid"": true}'"
inscripcion,"b'{""timestamp"": 1698514924, ""id"": ""o9bmvz43"", ""nombre"": ""Maestro 80kogoynelf"", ""email"": ""i@example.com"", ""estado"": ""pendiente"", ""paid"": true}'"
inscripcion,"b'{""timestamp"": 1698514927, ""id"": ""his414"", ""nombre"": ""Maestro n0qbkbqcp9x"", ""email"": ""8vzc8aaq@example.com"", ""estado"": ""rechazada"", ""paid"": true}'"
inscripcion,"b'{""timestamp"": 1698514930, ""id"": ""j7b4j1l"", ""nombre"": ""Maestro ajucf3j7u"", ""email"": ""vsvq712wp@example.com"", ""estado"": ""pendiente"", ""paid"": false}'"
inscripcion,"b'{""timestamp"": 1698514933, ""id"": ""oe4mdhb9gfwr"", ""nombre"": ""Maestro 4avzecrjoakzuvget"", ""email"": ""q23en@example.com"", ""estado"": ""rechazada"", ""paid"": true}'"
inscripcion,"b'{""timestamp"": 1698514936, ""id"": ""t5"", ""nombre"": ""Maestro n4spgd69"", ""email"": ""3kd02wrzby4zbtd@example.com"", ""estado"": ""aprobada"", ""paid"": false}'"
inscripcion,"b'{""timestamp"": 1698514939, ""id"": ""n7w1ry"", ""nombre"": ""Maestro ayk4vu9ppdp8"", ""email"": ""nk11dik9wmon@example.com"", ""estado"": ""aprobada"", ""paid"": true}'"
inscripcion,"b'{""timestamp"": 1698514942, ""id"": ""uhvkgjlb8ecxhvl"", ""nombre"": ""Maestro x5rtqblloqtykj"", ""email"": ""gu5808qtmte4pvbmt9f@example.com"", ""estado"": ""aprobada"", ""paid"": false}'"
inscripcion,"b'{""timestamp"": 1698514945, ""id"": ""hu0m3u07h"", ""nombre"": ""Maestro fx3ya453qc53w"", ""email"": ""30lne@example.com"", ""estado"": ""aprobada"", ""paid"": false}'"
inscripcion,"b'{""timestamp"": 1698514948, ""id"": ""aom8s9mxy90408w757r7"", ""nombre"": ""Maestro inao45c5hxu"", ""email"": ""dfdnutmk7gj@example.com"", ""estado"": ""pendiente"", ""paid"": false}'"
inscripcion,"b'{""timestamp"": 1698514951, ""id"": ""37526d7o5pscae"", ""nombre"": ""Maestro l18v67iqpi"", ""email"": ""wo0p6265hale37s6p9@example.com"", ""estado"": ""rechazada"", ""paid"": true}'"
inscripcion,"b'{""timestamp"": 1698514954, ""id"": ""r5f3"", ""nombre"": ""Maestro 8702yeh1t8"", ""email"": ""m@example.com"", ""estado"": ""pendiente"", ""paid"": true}'"
inscripcion,"b'{""timestamp"": 1698514957, ""id"": ""5t9si"", ""nombre"": ""Maestro fyruku9nvpz1"", ""email"": ""3cz1mfz96vke226i0gyd@example.com"", ""estado"": ""pendiente"", ""paid"": true}'"
inscripcion,"b'{""timestamp"": 1698514960, ""id"": ""l3jvzeh8stoxvv6ud"", ""nombre"": ""Maestro qzjkxtsadhvghcdr"", ""email"": ""22p1q5whzvwyt@example.com"", ""estado"": ""rechazada"", ""paid"": false}'"
inscripcion,"b'{""timestamp"": 1698514963, ""id"": ""zj"", ""nombre"": ""Maestro rgne6od"", ""email"": ""bjku5@example.com"", ""estado"": ""pendiente"", ""paid"": true}'"
inscripcion,"b'{""timestamp"": 1698514966, ""id"": ""dgvrrzh6s1pk87krs91z"", ""nombre"": ""Maestro ju2wdotco3o"", ""email"": ""gjczve3hb@example.com"", ""estado"": ""aprobada"", ""paid"": false}'"
inscripcion,"b'{""timestamp"": 1698514969, ""id"": ""tfh52luvfmi6v"", ""nombre"": ""Maestro f7n4ewh285j22a4w"", ""email"": ""vhhgsoh2@example.com"", ""estado"": ""aprobada"", ""paid"": false}'"
inscripcion,"b'{""timestamp"": 1698514972, ""id"": ""o4bl"", ""nombre"": ""Maestro g3swb"", ""email"": ""5rm73xz@example.com"", ""estado"": ""aprobada"", ""paid"": true}'"
inscripcion,"b'{""timestamp"": 1698514975, ""id"": ""7czlfi27v"", ""nombre"": ""Maestro q44xtill0chunj4fyw"", ""email"": ""hq@example.com"", ""estado"": ""pendiente"", ""paid"": false}'"
inscripcion,"b'{""timestamp"": 1698514979, ""id"": ""nbvodlc94qf"", ""nombre"": ""Maestro s9f5dys4bd2c3egm3k"", ""email"": ""ilvea0ldtg93t@example.com"", ""estado"": ""rechazada"", ""paid"": true}'"
inscripcion,"b'{""timestamp"": 1698514982, ""id"": ""fai61web3d875ebzvut"", ""nombre"": ""Maestro se9q74p5ys78ir"", ""email"": ""193@example.com"", ""estado"": ""pendiente"", ""paid"": false}'"
inscripcion,"b'{""timestamp"": 1698514985, ""id"": ""8nldn0blg"", ""nombre"": ""Maestro mbk50t3ystgcp94t"", ""email"": ""5ikqilajo3wzo@example.com"", ""estado"": ""aprobada"", ""paid"": true}'"
inscripcion,"b'{""timestamp"": 1698514988, ""id"": ""uixd14"", ""nombre"": ""Maestro fz"", ""email"": ""ez2sxfscwzr24@example.com"", ""estado"": ""aprobada"", ""paid"": false}'"
inscripcion,"b'{""timestamp"": 1698514991, ""id"": ""uusvb4j3hskqq"", ""nombre"": ""Maestro 4y"", ""email"": ""5pnjhr6k47iy@example.com"", ""estado"": ""aprobada"", ""paid"": false}'"
inscripcion,"b'{""timestamp"": 1698514994, ""id"": ""0laof67sah"", ""nombre"": ""Maestro xhytxgu2kgut"", ""email"": ""ckurk6kemy@example.com"", ""estado"": ""pendiente"", ""paid"": false}'"
inscripcion,"b'{""timestamp"": 1698514997, ""id"": ""4"", ""nombre"": ""Maestro jlxzptqk"", ""email"": ""kjilr8e@example.com"", ""estado"": ""aprobada"", ""paid"": true}'"
inscripcion,"b'{""timestamp"": 1698515000, ""id"": ""c"", ""nombre"": ""Maestro pipvxrvnl06wrm6na7"", ""email"": ""o9nhlywylwv0kqmwd@example.com"", ""estado"": ""pendiente"", ""paid"": true}'"
inscripcion,"b'{""timestamp"": 1698515003, ""id"": ""2vwgvh42aonz"", ""nombre"": ""Maestro k"", ""email"": ""s6p3wf3m0vm52fh4nkm@example.com"", ""estado"": ""rechazada"", ""paid"": true}'"
inscripcion,"b'{""timestamp"": 1698515006, ""id"": ""dnw5hknp4ogxaun6nn"", ""nombre"": ""Maestro bd1anx95u"", ""email"": ""x@example.com"", ""estado"": ""pendiente"", ""paid"": true}'"
inscripcion,"b'{""timestamp"": 1698515009, ""id"": ""ffea7ilw0"", ""nombre"": ""Maestro 4"", ""email"": ""hnz@example.com"", ""estado"": ""rechazada"", ""paid"": false}'"
inscripcion,"b'{""timestamp"": 1698515012, ""id"": ""y"", ""nombre"": ""Maestro w41so2srlfht9v0k3"", ""email"": ""j2khfh0a6avp0xf@example.com"", ""estado"": ""pendiente"", ""paid"": false}'"
inscripcion,"b'{""timestamp"": 1698515015, ""id"": ""sk3ihhvhf3tx"", ""nombre"": ""Maestro r00ims"", ""email"": ""l6s8dlci8wgw43gqjw@example.com"", ""estado"": ""rechazada"", ""paid"": true}'"
inscripcion,"b'{""timestamp"": 1698515018, ""id"": ""y0lfsxfd4wvtpmm"", ""nombre"": ""Maestro zm05"", ""email"": ""94fxzlwrrgc206gn@example.com"", ""estado"": ""pendiente"", ""paid"": false}'"
inscripcion,"b'{""timestamp"": 1698515021, ""id"": ""59okfvck1u"", ""nombre"": ""Maestro 47totcb994x"", ""email"": ""l2jv2qwuy3@example.com"", ""estado"": ""pendiente"", ""paid"": true}'"
inscripcion,"b'{""timestamp"": 1698515024, ""id"": ""jnt2"", ""nombre"": ""Maestro zfzyb"", ""email"": ""uyjwj8nsd6jt69alutig@example.com"", ""estado"": ""aprobada"", ""paid"": true}'"
inscripcion,"b'{""timestamp"": 1698515027, ""id"": ""hooge"", ""nombre"": ""Maestro zm4fr01e6kuxwbakhu"", ""email"": ""efa@example.com"", ""estado"": ""rechazada"", ""paid"": false}'"
inscripcion,"b'{""timestamp"": 1698515030, ""id"": ""35yzac5kq6yi3au4unau"", ""nombre"": ""Maestro h50n19cddvek"", ""email"": ""edt1cv9gzj74@example.com"", ""estado"": ""aprobada"", ""paid"": true}'"
inscripcion,"b'{""timestamp"": 1698515033, ""id"": ""zuwwa4pveh7"", ""nombre"": ""Maestro pw4pyneeuohb"", ""email"": ""l08u1erac2cwqxwlk1@example.com"", ""estado"": ""pendiente"", ""paid"": true}'"
inscripcion,"b'{""timestamp"": 1698515036, ""id"": ""5gyyxcl1lgxm"", ""nombre"": ""Maestro qyfdlsjdi91"", ""email"": ""tymynd3p9z9@example.com"", ""estado"": ""pendiente"", ""paid"": false}'"
inscripcion,"b'{""timestamp"": 1698515039, ""id"": ""7hh1gp63rtrh5123"", ""nombre"": ""Maestro jatt"", ""email"": ""cdv@example.com"", ""estado"": ""aprobada"", ""paid"": false}'"
inscripcion,"b'{""timestamp"": 1698515042, ""id"": ""u6eyt3qg3s8wmy4"", ""nombre"": ""Maestro crqbsbfg4k83"", ""email"": ""uxjedf0e1m9ap6@example.com"", ""estado"": ""rechazada"", ""paid"": true}'"
inscripcion,"b'{""timestamp"": 1698515045, ""id"": ""zhns60t3mrs"", ""nombre"": ""Maestro wxa2rj1xforr"", ""email"": ""gtd4d7gjx@example.com"", ""estado"": ""aprobada"", ""paid"": true}'"
inscripcion,"b'{""timestamp"": 1698515048, ""id"": ""r6ow4vh56xdsb5gwuf"", ""nombre"": ""Maestro w"", ""email"": ""t@example.com"", ""estado"": ""rechazada"", ""paid"": true}'"
inscripcion,"b'{""timestamp"": 1698515051, ""id"": ""8yxbzvuctwd"", ""nombre"": ""Maestro qa8bnpfho4kchr12omr"", ""email"": ""2@example.com"", ""estado"": ""pendiente"", ""paid"": true}'"
inscripcion,"b'{""timestamp"": 1698515054, ""id"": ""2e9ibfo0h25y3m4ni"", ""nombre"": ""Maestro fp65cnfg"", ""email"": ""cti1ilgl9svewn7bal@example.com"", ""estado"": ""aprobada"", ""paid"": true}'"
inscripcion,"b'{""timestamp"": 1698515057, ""id"": ""d9ftbb"", ""nombre"": ""Maestro 5ljqdatefc2mxuyp"", ""email"": ""bsyfoe6pj221xoomn@example.com"", ""estado"": ""pendiente"", ""paid"": false}'"
inscripcion,"b'{""timestamp"": 1698515060, ""id"": ""gc8h6n8fkqp9q7990f"", ""nombre"": ""Maestro nxsv6xpysu5dt5v6"", ""email"": ""jdl@example.com"", ""estado"": ""pendiente"", ""paid"": true}'"
inscripcion,"b'{""timestamp"": 1698515063, ""id"": ""0jtvzws6gn2fl5pzbz"", ""nombre"": ""Maestro kw15ey0ijxcle48y0suk"", ""email"": ""l3lqix25njz73s4v@example.com"", ""estado"": ""aprobada"", ""paid"": false}'"
inscripcion,"b'{""timestamp"": 1698515066, ""id"": ""s"", ""nombre"": ""Maestro ilzg1o97fdw98"", ""email"": ""nukdtoe2igosvt6uz9@example.com"", ""estado"": ""rechazada"", ""paid"": true}'"
inscripcion,"b'{""timestamp"": 1698515069, ""id"": ""ytkx6t81m65o215h1"", ""nombre"": ""Maestro bumfzd1bcwnr"", ""email"": ""4pk@example.com"", ""estado"": ""aprobada"", ""paid"": true}'"
inscripcion,"b'{""timestamp"": 1698515072, ""id"": ""zx77l3lunn0mbk2bib7"", ""nombre"": ""Maestro muqntuqys6q0dw"", ""email"": ""88296p3gto32@example.com"", ""estado"": ""aprobada"", ""paid"": false}'"
inscripcion,"b'{""timestamp"": 1698515075, ""id"": ""8teft"", ""nombre"": ""Maestro 8uobao91k7zt"", ""email"": ""dh21trry4@example.com"", ""estado"": ""pendiente"", ""paid"": false}'"
inscripcion,"b'{""timestamp"": 1698515078, ""id"": ""7nzk78j4x"", ""nombre"": ""Maestro 7zbe808i1ns"", ""email"": ""w6hqfr1g82sgvgybnx5@example.com"", ""estado"": ""pendiente"", ""paid"": true}'"
inscripcion,"b'{""timestamp"": 1698515081, ""id"": ""rpla755t6b"", ""nombre"": ""Maestro k3gikinfgvt7cntw"", ""email"": ""rjhc6m84h57cs28zi61w@example.com"", ""estado"": ""pendiente"", ""paid"": false}'"
inscripcion,"b'{""timestamp"": 1698515084, ""id"": ""vv1pjo"", ""nombre"": ""Maestro ps5jtmzhtfo"", ""email"": ""l3xoslimrudvy4yks@example.com"", ""estado"": ""aprobada"", ""paid"": false}'"
inscripcion,"b'{""timestamp"": 1698515087, ""id"": ""9we1k977dghqhr63"", ""nombre"": ""Maestro crtiw2d"", ""email"": ""j6@example.com"", ""estado"": ""pendiente"", ""paid"": false}'"
inscripcion,"b'{""timestamp"": 1698515090, ""id"": ""cr5req"", ""nombre"": ""Maestro 9l3ib45q9zxz2hgkir"", ""email"": ""zez02fr4n@example.com"", ""estado"": ""pendiente"", ""paid"": false}'"
inscripcion,"b'{""timestamp"": 1698515093, ""id"": ""jle6r3sj7"", ""nombre"": ""Maestro n"", ""email"": ""faedj4x@example.com"", ""estado"": ""rechazada"", ""paid"": true}'"
inscripcion,"b'{""timestamp"": 1698515096, ""id"": ""ltws2cpyv"", ""nombre"": ""Maestro x5vwhzfvpo4"", ""email"": ""fcvbb36@example.com"", ""estado"": ""pendiente"", ""paid"": true}'"
inscripcion,"b'{""timestamp"": 1698515099, ""id"": ""j7nrwthpa56n"", ""nombre"": ""Maestro ad9ujl"", ""email"": ""8omjvcnne1wx9qumz8ot@example.com"", ""estado"": ""aprobada"", ""paid"": false}'"
inscripcion,"b'{""timestamp"": 1698515102, ""id"": ""w3etg4ppjfk"", ""nombre"": ""Maestro 2z96whx"", ""email"": ""gkoshu@example.com"", ""estado"": ""aprobada"", ""paid"": false}'"
inscripcion,"b'{""timestamp"": 1698515105, ""id"": ""sjy076ovt74nei8ucgr"", ""nombre"": ""Maestro r2nenanawgmo4ed700"", ""email"": ""e7b2@example.com"", ""estado"": ""aprobada"", ""paid"": true}'"
inscripcion,"b'{""timestamp"": 1698515108, ""id"": ""k9lit5"", ""nombre"": ""Maestro 1pw1ngb37z15gqe0"", ""email"": ""5f9gyree702otd@example.com"", ""estado"": ""pendiente"", ""paid"": false}'"
inscripcion,"b'{""timestamp"": 1698515111, ""id"": ""0lyvsvpmc"", ""nombre"": ""Maestro pre3ykoxin"", ""email"": ""ak3xo8hkrphcfpll6@example.com"", ""estado"": ""pendiente"", ""paid"": false}'"
inscripcion,"b'{""timestamp"": 1698515114, ""id"": ""dtpizknsvn07g7h063om"", ""nombre"": ""Maestro f5efs0b"", ""email"": ""moxoh9x2c5ms@example.com"", ""estado"": ""rechazada"", ""paid"": false}'"
inscripcion,"b'{""timestamp"": 1698515117, ""id"": ""g84m6oysazgbj"", ""nombre"": ""Maestro sxg"", ""email"": ""ktjszzfuvpsti6@example.com"", ""estado"": ""rechazada"", ""paid"": false}'"
inscripcion,"b'{""timestamp"": 1698515120, ""id"": ""t4zlkf5qvpv9"", ""nombre"": ""Maestro p3btp7"", ""email"": ""ab6dieq56gcwdshut@example.com"", ""estado"": ""pendiente"", ""paid"": true}'"
inscripcion,"b'{""timestamp"": 1698515123, ""id"": ""utg1qm5ucctj1xp"", ""nombre"": ""Maestro foaryer8330zvjf7dc"", ""email"": ""ow@example.com"", ""estado"": ""rechazada"", ""paid"": true}'"
inscripcion,"b'{""timestamp"": 1698515126, ""id"": ""a5vxh6dbkc4kxo"", ""nombre"": ""Maestro jwyjeaudci8m7ibr6l"", ""email"": ""l4es01k@example.com"", ""estado"": ""pendiente"", ""paid"": false}'"
inscripcion,"b'{""timestamp"": 1698515129, ""id"": ""zgpnzhz"", ""nombre"": ""Maestro fm3lo9t5dyt"", ""email"": ""a1z8k5@example.com"", ""estado"": ""aprobada"", ""paid"": true}'"
inscripcion,"b'{""timestamp"": 1698515132, ""id"": ""wcmlessm"", ""nombre"": ""Maestro z6xcdd89kbf"", ""email"": ""bjoi1fs8mddrt5exrc6@example.com"", ""estado"": ""rechazada"", ""paid"": false}'"
inscripcion,"b'{""timestamp"": 1698515135, ""id"": ""tq94ng7u5d7"", ""nombre"": ""Maestro sfx01sdx30jfbmm6n"", ""email"": ""i10cnm9wd7qccyz@example.com"", ""estado"": ""rechazada"", ""paid"": true}'"
inscripcion,"b'{""timestamp"": 1698515138, ""id"": ""9qta20y6ygn5zip812il"", ""nombre"": ""Maestro 5myemslzjyz"", ""email"": ""o2pihdz@example.com"", ""estado"": ""rechazada"", ""paid"": false}'"
inscripcion,"b'{""timestamp"": 1698515141, ""id"": ""e42wua4xqwscpfruimi"", ""nombre"": ""Maestro c2pf6c6"", ""email"": ""iyqncnibvor5auawbyiy@example.com"", ""estado"": ""rechazada"", ""paid"": true}'"
inscripcion,"b'{""timestamp"": 1698515144, ""id"": ""e9ee"", ""nombre"": ""Maestro 2xp97j"", ""email"": ""6e9t8mm0g6meb34y51@example.com"", ""estado"": ""rechazada"", ""paid"": false}'"
inscripcion,"b'{""timestamp"": 1698515147, ""id"": ""7"", ""nombre"": ""Maestro 269u0qir"", ""email"": ""qehxoc6wzntdkyqeq@example.com"", ""estado"": ""rechazada"", ""paid"": false}'"
inscripcion,"b'{""timestamp"": 1698515150, ""id"": ""a9cbr13uhlcqmokq4h"", ""nombre"": ""Maestro 44c0z0jqpnb3w10m5"", ""email"": ""vs6h7wcu2cq8@example.com"", ""estado"": ""aprobada"", ""paid"": false}'"
inscripcion,"b'{""timestamp"": 1698515153, ""id"": ""a"", ""nombre"": ""Maestro hx"", ""email"": ""j0g8iq3ziocgm7zv@example.com"", ""estado"": ""rechazada"", ""paid"": false}'"
inscripcion,"b'{""timestamp"": 1698515156, ""id"": ""lt"", ""nombre"": ""Maestro 4c"", ""email"": ""mrqp2wy7g8gnw8m7c@example.com"", ""estado"": ""aprobada"", ""paid"": false}'"
inscripcion,"b'{""timestamp"": 1698515159, ""id"": ""x5m91e24krqj"", ""nombre"": ""Maestro un16lctz0z"", ""email"": ""4n@example.com"", ""estado"": ""rechazada"", ""paid"": true}'"
inscripcion,"b'{""timestamp"": 1698515162, ""id"": ""n3ns48tvlsknujyg4r"", ""nombre"": ""Maestro n0sk9"", ""email"": ""fv@example.com"", ""estado"": ""rechazada"", ""paid"": false}'"
inscripcion,"b'{""timestamp"": 1698515165, ""id"": ""uv5ffn1u92"", ""nombre"": ""Maestro z9v37gdhztdciejjy"", ""email"": ""dv@example.com"", ""estado"": ""aprobada"", ""paid"": true}'"
inscripcion,"b'{""timestamp"": 1698515168, ""id"": ""msj6sse8"", ""nombre"": ""Maestro 44e68"", ""email"": ""lgt35lbakiwzkfg@example.com"", ""estado"": ""rechazada"", ""paid"": false}'"
inscripcion,"b'{""timestamp"": 1698515171, ""id"": ""thsk34n"", ""nombre"": ""Maestro g121swk61n0"", ""email"": ""2vei7fftx1qbmt6@example.com"", ""estado"": ""rechazada"", ""paid"": true}'"
inscripcion,"b'{""timestamp"": 1698515174, ""id"": ""fks9ovlkzywanp"", ""nombre"": ""Maestro wz"", ""email"": ""rfzmcpc6lbo7knv@example.com"", ""estado"": ""pendiente"", ""paid"": false}'"
inscripcion,"b'{""timestamp"": 1698515177, ""id"": ""lt69epw8na"", ""nombre"": ""Maestro afi2tfourbm7g"", ""email"": ""3bj9i23s@example.com"", ""estado"": ""aprobada"", ""paid"": true}'"
inscripcion,"b'{""timestamp"": 1698515180, ""id"": ""bdank0c6aub0f0xg1p"", ""nombre"": ""Maestro wlgo8959pd5g"", ""email"": ""23xrsahyx25rs1gw@example.com"", ""estado"": ""aprobada"", ""paid"": true}'"
inscripcion,"b'{""timestamp"": 1698515183, ""id"": ""4ireokwp"", ""nombre"": ""Maestro a1y4hsl"", ""email"": ""upu4qb@example.com"", ""estado"": ""aprobada"", ""paid"": false}'"
inscripcion,"b'{""timestamp"": 1698515186, ""id"": ""3r8d7ik467c26ze"", ""nombre"": ""Maestro caosqw1pvd6"", ""email"": ""plbvwux1hj@example.com"", ""estado"": ""pendiente"", ""paid"": false}'"
inscripcion,"b'{""timestamp"": 1698515189, ""id"": ""e3"", ""nombre"": ""Maestro csiu"", ""email"": ""sahvza6eitxv5h2dbo6@example.com"", ""estado"": ""pendiente"", ""paid"": true}'"
inscripcion,"b'{""timestamp"": 1698515192, ""id"": ""jej9zz6"", ""nombre"": ""Maestro qovxvyd986hop082y1"", ""email"": ""k4i5ej73@example.com"", ""estado"": ""rechazada"", ""paid"": false}'"
inscripcion,"b'{""timestamp"": 1698515195, ""id"": ""9uw5mbuguzos"", ""nombre"": ""Maestro n5s"", ""email"": ""yzw2yh5do59uaj0e@example.com"", ""estado"": ""rechazada"", ""paid"": true}'"
inscripcion,"b'{""timestamp"": 1698515198, ""id"": ""8bux6qn67ix5uq0"", ""nombre"": ""Maestro 0s4tl5fjy5lc4"", ""email"": ""yumdxwoj25qut@example.com"", ""estado"": ""pendiente"", ""paid"": false}'"
inscripcion,"b'{""timestamp"": 1698515201, ""id"": ""b"", ""nombre"": ""Maestro snfo"", ""email"": ""ye@example.com"", ""estado"": ""rechazada"", ""paid"": false}'"
inscripcion,"b'{""timestamp"": 1698515204, ""id"": ""vkxr9vd2ykw2pk001"", ""nombre"": ""Maestro mn1z9g0unbtoi8hm4"", ""email"": ""r3d3fxbubvxmai@example.com"", ""estado"": ""pendiente"", ""paid"": true}'"
inscripcion,"b'{""timestamp"": 1698515207, ""id"": ""r0o55nebl9zij4"", ""nombre"": ""Maestro q4py9z"", ""email"": ""teovf2wljh0@example.com"", ""estado"": ""pendiente"", ""paid"": true}'"
inscripcion,"b'{""timestamp"": 1698515210, ""id"": ""citnwnm0lfdd7h46"", ""nombre"": ""Maestro ker4yjw89dn6svp5tzw"", ""email"": ""tnvtvuc@example.com"", ""estado"": ""aprobada"", ""paid"": true}'"
inscripcion,"b'{""timestamp"": 1698515213, ""id"": ""p0c"", ""nombre"": ""Maestro y902gcnv8kczmyue"", ""email"": ""j3wd5kf6zafwcw@example.com"", ""estado"": ""aprobada"", ""paid"": false}'"
inscripcion,"b'{""timestamp"": 1698515216, ""id"": ""sztowouy6ymd2k8f9"", ""nombre"": ""Maestro o"", ""email"": ""xg@example.com"", ""estado"": ""aprobada"", ""paid"": true}'"
inscripcion,"b'{""timestamp"": 1698515219, ""id"": ""y21t5e"", ""nombre"": ""Maestro lutl0xnilsiu65idoc9a"", ""email"": ""qxj@example.com"", ""estado"": ""rechazada"", ""paid"": true}'"
inscripcion,"b'{""timestamp"": 1698515222, ""id"": ""i8y"", ""nombre"": ""Maestro 8dwdlsry1b"", ""email"": ""pwdmsfwfw2fo3g@example.com"", ""estado"": ""pendiente"", ""paid"": false}'"
inscripcion,"b'{""timestamp"": 1698515225, ""id"": ""9rpx9uo2vqd"", ""nombre"": ""Maestro e5su833p0frzz41wyj"", ""email"": ""9a4irzydbxbi@example.com"", ""estado"": ""rechazada"", ""paid"": false}'"
inscripcion,"b'{""timestamp"": 1698515228, ""id"": ""q80vlszwhd"", ""nombre"": ""Maestro kx51viph0"", ""email"": ""881qjhq2ip@example.com"", ""estado"": ""aprobada"", ""paid"": true}'"
inscripcion,"b'{""timestamp"": 1698515231, ""id"": ""1w"", ""nombre"": ""Maestro azn9z4q9o3l"", ""email"": ""15yq@example.com"", ""estado"": ""aprobada"", ""paid"": true}'"
inscripcion,"b'{""timestamp"": 1698515234, ""id"": ""0knqn5a6tpq7c37aene"", ""nombre"": ""Maestro fpwj7pr19"", ""email"": ""sba@example.com"", ""estado"": ""rechazada"", ""paid"": false}'"
inscripcion,"b'{""timestamp"": 1698515237, ""id"": ""fs4lw5oylw1oojmyis"", ""nombre"": ""Maestro 2gnar9tn8gfitz"", ""email"": ""cr2cwzp4lbz36ijdsj1m@example.com"", ""estado"": ""aprobada"", ""paid"": false}'"
inscripcion,"b'{""timestamp"": 1698515240, ""id"": ""nj7tuehetb1vlgrcqwko"", ""nombre"": ""Maestro hzs91aipyc3f8"", ""email"": ""fud@example.com"", ""estado"": ""rechazada"", ""paid"": false}'"
inscripcion,"b'{""timestamp"": 1698515243, ""id"": ""4xa4bessjx8jlidi5j"", ""nombre"": ""Maestro 5nz"", ""email"": ""f4@example.com"", ""estado"": ""aprobada"", ""paid"": false}'"
inscripcion,"b'{""timestamp"": 1698515246, ""id"": ""5u03pyc"", ""nombre"": ""Maestro 26xdxpgxzyh6gqum"", ""email"": ""mfwc2fiubfgq0qh9lda8@example.com"", ""estado"": ""pendiente"", ""paid"": true}'"
inscripcion,"b'{""timestamp"": 1698515249, ""id"": ""jk9f5jactib"", ""nombre"": ""Maestro 2ekoy74hmoy"", ""email"": ""vecl5q0ze7r@example.com"", ""estado"": ""aprobada"", ""paid"": false}'"
inscripcion,"b'{""timestamp"": 1698515252, ""id"": ""53eshvdprh"", ""nombre"": ""Maestro iydj4w16y0prhq1nl3"", ""email"": ""fc6owkhau5@example.com"", ""estado"": ""aprobada"", ""paid"": true}'"
inscripcion,"b'{""timestamp"": 1698515255, ""id"": ""j0xusvlodgsd"", ""nombre"": ""Maestro mg"", ""email"": ""b@example.com"", ""estado"": ""rechazada"", ""paid"": true}'"
inscripcion,"b'{""timestamp"": 1698515258, ""id"": ""78f7wu4hnehl"", ""nombre"": ""Maestro 1b9yiojinr0lcj4s5mmz"", ""email"": ""jv11wpnl@example.com"", ""estado"": ""pendiente"", ""paid"": false}'"
inscripcion,"b'{""timestamp"": 1698515261, ""id"": ""42nkfon2jca"", ""nombre"": ""Maestro x6phc5espnax07hbh7"", ""email"": ""2px5zl0k9s4cjp4h@example.com"", ""estado"": ""pendiente"", ""paid"": true}'"
inscripcion,"b'{""timestamp"": 1698515264, ""id"": ""r"", ""nombre"": ""Maestro 3wjlar0"", ""email"": ""wospp06q@example.com"", ""estado"": ""rechazada"", ""paid"": true}'"
inscripcion,"b'{""timestamp"": 1698515267, ""id"": ""b7tkxi9yjhkfyqad"", ""nombre"": ""Maestro wtrc5ji1xbrborqyb"", ""email"": ""2y1o9om34zd@example.com"", ""estado"": ""aprobada"", ""paid"": true}'"
inscripcion,"b'{""timestamp"": 1698515270, ""id"": ""y1hv8rujus"", ""nombre"": ""Maestro ieppz4node3i6d9rc94"", ""email"": ""qb2bts1z04rrpa@example.com"", ""estado"": ""pendiente"", ""paid"": false}'"
inscripcion,"b'{""timestamp"": 1698515273, ""id"": ""2v0b3dp"", ""nombre"": ""Maestro zspovjxbxq92d"", ""email"": ""hv7z4n3fxgrq@example.com"", ""estado"": ""pendiente"", ""paid"": true}'"
inscripcion,"b'{""timestamp"": 1698515276, ""id"": ""g8d1t8ng"", ""nombre"": ""Maestro plfw"", ""email"": ""op@example.com"", ""estado"": ""aprobada"", ""paid"": false}'"
inscripcion,"b'{""timestamp"": 1698515279, ""id"": ""u96we4ibl"", ""nombre"": ""Maestro p6h8t7k4c"", ""email"": ""g@example.com"", ""estado"": ""aprobada"", ""paid"": false}'"
inscripcion,"b'{""timestamp"": 1698515282, ""id"": ""amrj91sevn8w"", ""nombre"": ""Maestro 8dz4ieyvk"", ""email"": ""n6vsj1di1104@example.com"", ""estado"": ""pendiente"", ""paid"": false}'"
inscripcion,"b'{""timestamp"": 1698515285, ""id"": ""fr17ay6"", ""nombre"": ""Maestro 9z2snrdfgb2u796b"", ""email"": ""yvtxxrr4@example.com"", ""estado"": ""aprobada"", ""paid"": false}'"
inscripcion,"b'{""timestamp"": 1698515288, ""id"": ""712usadqgozenki"", ""nombre"": ""Maestro ecisepajhhfx520qg"", ""email"": ""v@example.com"", ""estado"": ""rechazada"", ""paid"": true}'"
inscripcion,"b'{""timestamp"": 1698515291, ""id"": ""hakd2wxt2t"", ""nombre"": ""Maestro 6bf"", ""email"": ""y3ofjcfu7@example.com"", ""estado"": ""rechazada"", ""paid"": false}'"
inscripcion,"b'{""timestamp"": 1698515294, ""id"": ""fy07eqd0n"", ""nombre"": ""Maestro e"", ""email"": ""8rm2kcqjjm1elq6mhmkb@example.com"", ""estado"": ""aprobada"", ""paid"": false}'"
inscripcion,"b'{""timestamp"": 1698515297, ""id"": ""cvnjwasuovipxxc23g"", ""nombre"": ""Maestro 0bv4rxgw203ca6"", ""email"": ""5e@example.com"", ""estado"": ""rechazada"", ""paid"": false}'"
inscripcion,"b'{""timestamp"": 1698515300, ""id"": ""3"", ""nombre"": ""Maestro t2dflurow85mf2w"", ""email"": ""g3w2zecir@example.com"", ""estado"": ""rechazada"", ""paid"": true}'"
inscripcion,"b'{""timestamp"": 1698515303, ""id"": ""e"", ""nombre"": ""Maestro hvtn5ivu72"", ""email"": ""xnx8@example.com"", ""estado"": ""pendiente"", ""paid"": false}'"
inscripcion,"b'{""timestamp"": 1698515306, ""id"": ""v"", ""nombre"": ""Maestro 1dv3xrfqj751l8v82dg"", ""email"": ""ch@example.com"", ""estado"": ""rechazada"", ""paid"": true}'"
inscripcion,"b'{""timestamp"": 1698515309, ""id"": ""m1yg59r689m"", ""nombre"": ""Maestro 85u"", ""email"": ""dwlkn752ox6o8ood@example.com"", ""estado"": ""pendiente"", ""paid"": true}'"
inscripcion,"b'{""timestamp"": 1698515312, ""id"": ""wvzmwb"", ""nombre"": ""Maestro s68ylb3"", ""email"": ""3stttx9w7dtwqqu2vf@example.com"", ""estado"": ""pendiente"", ""paid"": true}'"
inscripcion,"b'{""timestamp"": 1698515315, ""id"": ""i"", ""nombre"": ""Maestro 8al2"", ""email"": ""gv4ge9wr@example.com"", ""estado"": ""rechazada"", ""paid"": false}'"
inscripcion,"b'{""timestamp"": 1698515318, ""id"": ""4ayokfnzg0g"", ""nombre"": ""Maestro e4kacoj"", ""email"": ""4bl1dde2qyj1s2u@example.com"", ""estado"": ""rechazada"", ""paid"": false}'"
inscripcion,"b'{""timestamp"": 1698515321, ""id"": ""wnhmrx1hgfq4"", ""nombre"": ""Maestro o8"", ""email"": ""eungswd@example.com"", ""estado"": ""rechazada"", ""paid"": false}'"
inscripcion,"b'{""timestamp"": 1698515324, ""id"": ""3d6ecx"", ""nombre"": ""Maestro y"", ""email"": ""p9n5aytbpfhby6@example.com"", ""estado"": ""pendiente"", ""paid"": true}'"
inscripcion,"b'{""timestamp"": 1698515327, ""id"": ""h5s06zg14doz41f173j3"", ""nombre"": ""Maestro 8msf8tabwyxffq2y38ao"", ""email"": ""ort774j8re2f53@example.com"", ""estado"": ""aprobada"", ""paid"": true}'"
inscripcion,"b'{""timestamp"": 1698515330, ""id"": ""1g1s2d5a9sgvdoqfrys"", ""nombre"": ""Maestro 8rng5e920so"", ""email"": ""kjfv7tq38ll8z@example.com"", ""estado"": ""aprobada"", ""paid"": false}'"
inscripcion,"b'{""timestamp"": 1698515333, ""id"": ""v9cbfi"", ""nombre"": ""Maestro tl8sa811pk0"", ""email"": ""17fdhcm2kjrffm@example.com"", ""estado"": ""rechazada"", ""paid"": false}'"
inscripcion,"b'{""timestamp"": 1698515336, ""id"": ""csrgj35pkt6n3a"", ""nombre"": ""Maestro yx5d191e0bnoq88fjn"", ""email"": ""otnphy@example.com"", ""estado"": ""aprobada"", ""paid"": true}'"
inscripcion,"b'{""timestamp"": 1698515339, ""id"": ""q09hisjwijmnkg7"", ""nombre"": ""Maestro p36etsbaoilwzc"", ""email"": ""p6pebf0@example.com"", ""estado"": ""pendiente"", ""paid"": true}'"
inscripcion,"b'{""timestamp"": 1698515342, ""id"": ""063i1mnv4i9i9lirf"", ""nombre"": ""Maestro 3sq"", ""email"": ""kjas702lxe6nzjm8@example.com"", ""estado"": ""aprobada"", ""paid"": false}'"
inscripcion,"b'{""timestamp"": 1698515345, ""id"": ""k51hwybvsv"", ""nombre"": ""Maestro 216guze54"", ""email"": ""g1hznmeij@example.com"", ""estado"": ""pendiente"", ""paid"": true}'"
inscripcion,"b'{""timestamp"": 1698515348, ""id"": ""quyg6ieesw82m8r"", ""nombre"": ""Maestro r0sz6p40sh9r3hm2e"", ""email"": ""jr@example.com"", ""estado"": ""pendiente"", ""paid"": true}'"
inscripcion,"b'{""timestamp"": 1698515351, ""id"": ""35yg3wndq5mnkbckygp"", ""nombre"": ""Maestro 0a3oy"", ""email"": ""np1s2@example.com"", ""estado"": ""aprobada"", ""paid"": false}'"
inscripcion,"b'{""timestamp"": 1698515354, ""id"": ""l4yjryry8"", ""nombre"": ""Maestro aay5tcrzh"", ""email"": ""irttenifrgiq@example.com"", ""estado"": ""aprobada"", ""paid"": true}'"
inscripcion,"b'{""timestamp"": 1698515357, ""id"": ""nyitg10mzstwn3s"", ""nombre"": ""Maestro ayiw5ttsdpoikpk31e"", ""email"": ""oqepphisy@example.com"", ""estado"": ""rechazada"", ""paid"": true}'"
inscripcion,"b'{""timestamp"": 1698515360, ""id"": ""abh"", ""nombre"": ""Maestro 45jqbu7"", ""email"": ""0cwulouxpdc19s@example.com"", ""estado"": ""rechazada"", ""paid"": false}'"
inscripcion,"b'{""timestamp"": 1698515363, ""id"": ""c9zl"", ""nombre"": ""Maestro gsqx2h7"", ""email"": ""te4rcfhn@example.com"", ""estado"": ""rechazada"", ""paid"": true}'"
inscripcion,"b'{""timestamp"": 1698515366, ""id"": ""97p09p"", ""nombre"": ""Maestro 5j4brfz97"", ""email"": ""mnj9ykw34hgg6vasexh@example.com"", ""estado"": ""aprobada"", ""paid"": false}'"
inscripcion,"b'{""timestamp"": 1698515369, ""id"": ""d1tbe0rbz9pu"", ""nombre"": ""Maestro i373gbt7hq"", ""email"": ""7oof@example.com"", ""estado"": ""aprobada"", ""paid"": false}'"
inscripcion,"b'{""timestamp"": 1698515372, ""id"": ""hnf1obueit"", ""nombre"": ""Maestro ry11w2iwxasguc"", ""email"": ""gqx8l@example.com"", ""estado"": ""pendiente"", ""paid"": true}'"
inscripcion,"b'{""timestamp"": 1698515375, ""id"": ""0b2w4r"", ""nombre"": ""Maestro ct2husb"", ""email"": ""e6rysy2yce20aykzry@example.com"", ""estado"": ""rechazada"", ""paid"": false}'"
inscripcion,"b'{""timestamp"": 1698515378, ""id"": ""y0l1"", ""nombre"": ""Maestro 6x6l"", ""email"": ""c@example.com"", ""estado"": ""aprobada"", ""paid"": false}'"
inscripcion,"b'{""timestamp"": 1698515381, ""id"": ""906z7df7xj2"", ""nombre"": ""Maestro 2cq4lahqlmbg2hu6d"", ""email"": ""tjp1aon@example.com"", ""estado"": ""rechazada"", ""paid"": false}'"
inscripcion,"b'{""timestamp"": 1698515384, ""id"": ""793flt7"", ""nombre"": ""Maestro 5nnws"", ""email"": ""plflmh42dvxgwder@example.com"", ""estado"": ""pendiente"", ""paid"": true}'"
inscripcion,"b'{""timestamp"": 1698515387, ""id"": ""0ghzrhz7k"", ""nombre"": ""Maestro 5dnn7byckut2lwtow7"", ""email"": ""on00@example.com"", ""estado"": ""rechazada"", ""paid"": false}'"
inscripcion,"b'{""timestamp"": 1698515390, ""id"": ""1t2r"", ""nombre"": ""Maestro nwa3lc1mzqna"", ""email"": ""vb5r1@example.com"", ""estado"": ""pendiente"", ""paid"": true}'"
inscripcion,"b'{""timestamp"": 1698515393, ""id"": ""673yqf5k4kv7sb9"", ""nombre"": ""Maestro 63"", ""email"": ""v22b6il62uow14bc@example.com"", ""estado"": ""aprobada"", ""paid"": true}'"
inscripcion,"b'{""timestamp"": 1698515396, ""id"": ""gzusl3jygms2udxm"", ""nombre"": ""Maestro kkjsjxslaztokh"", ""email"": ""yccpmfe37cl@example.com"", ""estado"": ""rechazada"", ""paid"": true}'"
inscripcion,"b'{""timestamp"": 1698515399, ""id"": ""946cv2"", ""nombre"": ""Maestro 0"", ""email"": ""225g36n8h9@example.com"", ""estado"": ""pendiente"", ""paid"": false}'"
inscripcion,"b'{""timestamp"": 1698515402, ""id"": ""nd8a"", ""nombre"": ""Maestro 5jsla7sdpkop5m"", ""email"": ""yi7793muqso0u@example.com"", ""estado"": ""rechazada"", ""paid"": true}'"
inscripcion,"b'{""timestamp"": 1698515405, ""id"": ""liqq6o8gdzdpv"", ""nombre"": ""Maestro 6thr5"", ""email"": ""x6@example.com"", ""estado"": ""rechazada"", ""paid"": true}'"
inscripcion,"b'{""timestamp"": 1698515408, ""id"": ""qmdrd"", ""nombre"": ""Maestro yy8spnxp0hbthhv0xzv"", ""email"": ""i9rjqqrz@example.com"", ""estado"": ""pendiente"", ""paid"": false}'"
inscripcion,"b'{""timestamp"": 1698515411, ""id"": ""scbm29h0j9t"", ""nombre"": ""Maestro ic5cqktsxppo1"", ""email"": ""tced1o3jgcq7g5r43@example.com"", ""estado"": ""rechazada"", ""paid"": false}'"
inscripcion,"b'{""timestamp"": 1698515414, ""id"": ""oboec"", ""nombre"": ""Maestro c4zhyhqwxepnm1kxgw"", ""email"": ""5nngvk@example.com"", ""estado"": ""pendiente"", ""paid"": false}'"
inscripcion,"b'{""timestamp"": 1698515417, ""id"": ""pg6ee4q05z"", ""nombre"": ""Maestro 00mj"", ""email"": ""nygkf3h7l@example.com"", ""estado"": ""aprobada"", ""paid"": true}'"
inscripcion,"b'{""timestamp"": 1698515420, ""id"": ""vjt7k"", ""nombre"": ""Maestro ipoeta8u"", ""email"": ""yqpans@example.com"", ""estado"": ""rechazada"", ""paid"": false}'"
inscripcion,"b'{""timestamp"": 1698515423, ""id"": ""7"", ""nombre"": ""Maestro 16uznjl2iy8ijt4xjm3f"", ""email"": ""wv6nz42ft4qr7t4en4u@example.com"", ""estado"": ""pendiente"", ""paid"": true}'"
inscripcion,"b'{""timestamp"": 1698515426, ""id"": ""q"", ""nombre"": ""Maestro h9hy44bsqo3uugfrafcn"", ""email"": ""4bw@example.com"", ""estado"": ""aprobada"", ""paid"": true}'"
inscripcion,"b'{""timestamp"": 1698515429, ""id"": ""xvb2rcrwu85"", ""nombre"": ""Maestro qu"", ""email"": ""duy13n7p2z2tst@example.com"", ""estado"": ""aprobada"", ""paid"": false}'"
inscripcion,"b'{""timestamp"": 1698515432, ""id"": ""5kfuysb3w6h2gtwgt1"", ""nombre"": ""Maestro pwxhzm"", ""email"": ""760c0ppgalb6mcus@example.com"", ""estado"": ""rechazada"", ""paid"": false}'"
inscripcion,"b'{""timestamp"": 1698515435, ""id"": ""m8ymdivzr65"", ""nombre"": ""Maestro 9n6jc1pzhh"", ""email"": ""6tbxvchrht25f605@example.com"", ""estado"": ""pendiente"", ""paid"": true}'"
inscripcion,"b'{""timestamp"": 1698515438, ""id"": ""byqckq6pw6c"", ""nombre"": ""Maestro cnob9c"", ""email"": ""f0sjmml5ar@example.com"", ""estado"": ""aprobada"", ""paid"": true}'"
inscripcion,"b'{""timestamp"": 1698515441, ""id"": ""v6b0"", ""nombre"": ""Maestro 2a19h9hmvi3bt0e04zy"", ""email"": ""y52dmmb6eesjynmvty0g@example.com"", ""estado"": ""aprobada"", ""paid"": false}'"
inscripcion,"b'{""timestamp"": 1698515444, ""id"": ""1suas8p2hjayul3ays2"", ""nombre"": ""Maestro lzd"", ""email"": ""7pdvx12rzllbxw@example.com"", ""estado"": ""pendiente"", ""paid"": false}'"
inscripcion,"b'{""timestamp"": 1698515447, ""id"": ""cx"", ""nombre"": ""Maestro mjb7ugq6ifbgos24uw"", ""email"": ""z76chvj5mdca9z@example.com"", ""estado"": ""rechazada"", ""paid"": true}'"
inscripcion,"b'{""timestamp"": 1698515450, ""id"": ""s7ndx0b0szp78"", ""nombre"": ""Maestro keh8rcqpec1kid"", ""email"": ""9o8z40pspvgo67r5kv2@example.com"", ""estado"": ""pendiente"", ""paid"": false}'"
inscripcion,"b'{""timestamp"": 1698515453, ""id"": ""rm7wpnxhs0yxs6gt3qy7"", ""nombre"": ""Maestro x6mykodx41pf"", ""email"": ""kylnhs5jkz25xw3o5@example.com"", ""estado"": ""rechazada"", ""paid"": true}'"
inscripcion,"b'{""timestamp"": 1698515456, ""id"": ""cdcvvahm16g1faqv"", ""nombre"": ""Maestro zz3z"", ""email"": ""9veulzxuhmp9cd752v60@example.com"", ""estado"": ""pendiente"", ""paid"": true}'"
inscripcion,"b'{""timestamp"": 1698515459, ""id"": ""yjdo2socky0c7cp"", ""nombre"": ""Maestro 1ohntqanjzi9"", ""email"": ""541y47gp9s@example.com"", ""estado"": ""rechazada"", ""paid"": true}'"
inscripcion,"b'{""timestamp"": 1698515462, ""id"": ""9xj"", ""nombre"": ""Maestro dxis"", ""email"": ""6do@example.com"", ""estado"": ""aprobada"", ""paid"": false}'"
inscripcion,"b'{""timestamp"": 1698515465, ""id"": ""v64d87"", ""nombre"": ""Maestro 6gcsotqcbr8n5ab7g"", ""email"": ""a3e9th7n@example.com"", ""estado"": ""pendiente"", ""paid"": true}'"
inscripcion,"b'{""timestamp"": 1698515468, ""id"": ""q1wwa95c48"", ""nombre"": ""Maestro 7oifphr2cqauozj"", ""email"": ""6kgwtnxx6om@example.com"", ""estado"": ""pendiente"", ""paid"": true}'"
inscripcion,"b'{""timestamp"": 1698515471, ""id"": ""rs"", ""nombre"": ""Maestro 18ifba62f842y"", ""email"": ""yhs4dyorgwmgvum@example.com"", ""estado"": ""pendiente"", ""paid"": false}'"
inscripcion,"b'{""timestamp"": 1698515474, ""id"": ""c0kyw2ns"", ""nombre"": ""Maestro it61czvox1k61m"", ""email"": ""e6amvh@example.com"", ""estado"": ""rechazada"", ""paid"": true}'"
inscripcion,"b'{""timestamp"": 1698515477, ""id"": ""4z"", ""nombre"": ""Maestro 3lrr39asr4d43a7wxt"", ""email"": ""jrkaeqozkvhk36n@example.com"", ""estado"": ""pendiente"", ""paid"": true}'"
inscripcion,"b'{""timestamp"": 1698515480, ""id"": ""ssu2kscdx8r2xksn0"", ""nombre"": ""Maestro lilfjkq"", ""email"": ""swegqbucz5jiecyi@example.com"", ""estado"": ""rechazada"", ""paid"": true}'"
inscripcion,"b'{""timestamp"": 1698515483, ""id"": ""11uf5hf7"", ""nombre"": ""Maestro r0ih81o8i4di5eo1wm"", ""email"": ""zn2a@example.com"", ""estado"": ""pendiente"", ""paid"": true}'"
inscripcion,"b'{""timestamp"": 1698515486, ""id"": ""7uq9vv7lkd9"", ""nombre"": ""Maestro 2atwlzrjhv2r0n"", ""email"": ""ixntu9htjs@example.com"", ""estado"": ""rechazada"", ""paid"": false}'"
inscripcion,"b'{""timestamp"": 1698515489, ""id"": ""1pr3ozyldihz98st87"", ""nombre"": ""Maestro h95v5me"", ""email"": ""aeyujcwaj6yb64rus@example.com"", ""estado"": ""pendiente"", ""paid"": false}'"
inscripcion,"b'{""timestamp"": 1698515492, ""id"": ""lkr2u1aurt2li5"", ""nombre"": ""Maestro 3xebf6o0tyy"", ""email"": ""rhsk58qf1ps8g24i06n@example.com"", ""estado"": ""aprobada"", ""paid"": true}'"
inscripcion,"b'{""timestamp"": 1698515495, ""id"": ""7j0s97w"", ""nombre"": ""Maestro gqeugdrkh3lbcr6"", ""email"": ""5m0sgc37vdwis2onxn@example.com"", ""estado"": ""aprobada"", ""paid"": false}'"
inscripcion,"b'{""timestamp"": 1698515498, ""id"": ""raa338s41p4wsiz"", ""nombre"": ""Maestro v98"", ""email"": ""tcufzf3m0rzjd5br@example.com"", ""estado"": ""pendiente"", ""paid"": false}'"
inscripcion,"b'{""timestamp"": 1698515501, ""id"": ""df6ahko9d3k01"", ""nombre"": ""Maestro ri8737f6t"", ""email"": ""gpgx2ll2vxa0@example.com"", ""estado"": ""aprobada"", ""paid"": true}'"
inscripcion,"b'{""timestamp"": 1698515504, ""id"": ""vgv0evho7v"", ""nombre"": ""Maestro b9oo4tl0bg"", ""email"": ""qsidufvq15fn@example.com"", ""estado"": ""rechazada"", ""paid"": false}'"
inscripcion,"b'{""timestamp"": 1698515507, ""id"": ""u5vr0gx8flnbtqr"", ""nombre"": ""Maestro wj8tl7e6xc"", ""email"": ""n3ce423tslbarr@example.com"", ""estado"": ""aprobada"", ""paid"": false}'"
inscripcion,"b'{""timestamp"": 1698515510, ""id"": ""sh"", ""nombre"": ""Maestro rrki4o2"", ""email"": ""ti9i3oxs@example.com"", ""estado"": ""rechazada"", ""paid"": true}'"
inscripcion,"b'{""timestamp"": 1698515513, ""id"": ""rzqflbk3zd7"", ""nombre"": ""Maestro x6"", ""email"": ""vafg85utqki5kp4oqdl@example.com"", ""estado"": ""pendiente"", ""paid"": false}'"
inscripcion,"b'{""timestamp"": 1698515516, ""id"": ""ngui5hdt7pkz77"", ""nombre"": ""Maestro 1g1k97rqv"", ""email"": ""c7z6l50ltds0hpv84@example.com"", ""estado"": ""rechazada"", ""paid"": true}'"
inscripcion,"b'{""timestamp"": 1698515519, ""id"": ""vxfn6ev"", ""nombre"": ""Maestro ezvwz1852s16536x"", ""email"": ""mb1b1b38p4pn1bh@example.com"", ""estado"": ""rechazada"", ""paid"": true}'"
inscripcion,"b'{""timestamp"": 1698515522, ""id"": ""h"", ""nombre"": ""Maestro 4putuctuv8ktbqhp"", ""email"": ""ba5xri2vp2502dv@example.com"", ""estado"": ""rechazada"", ""paid"": false}'"
inscripcion,"b'{""timestamp"": 1698515525, ""id"": ""1737t93b30cqze0"", ""nombre"": ""Maestro 9vkpm6tkhgu1z4g63ac"", ""email"": ""rylbot3e9@example.com"", ""estado"": ""aprobada"", ""paid"": false}'"
inscripcion,"b'{""timestamp"": 1698515528, ""id"": ""9"", ""nombre"": ""Maestro oi512bp668"", ""email"": ""yi@example.com"", ""estado"": ""pendiente"", ""paid"": false}'"
inscripcion,"b'{""timestamp"": 1698515531, ""id"": ""0vl"", ""nombre"": ""Maestro o"", ""email"": ""eord8hdkzro9@example.com"", ""estado"": ""rechazada"", ""paid"": false}'"
inscripcion,"b'{""timestamp"": 1698515534, ""id"": ""t46h"", ""nombre"": ""Maestro p0j"", ""email"": ""c4wul7lcl7q@example.com"", ""estado"": ""rechazada"", ""paid"": false}'"
inscripcion,"b'{""timestamp"": 1698515537, ""id"": ""s533cv9x"", ""nombre"": ""Maestro h52i0ezolv1joyz6ewlp"", ""email"": ""esytu8m959i@example.com"", ""estado"": ""rechazada"", ""paid"": false}'"
inscripcion,"b'{""timestamp"": 1698515540, ""id"": ""5qt7o37heq9mun5"", ""nombre"": ""Maestro cd7h7buqscswnfzdkjkv"", ""email"": ""0co1efz6x5meplbnvfb@example.com"", ""estado"": ""pendiente"", ""paid"": false}'"
inscripcion,"b'{""timestamp"": 1698515543, ""id"": ""x"", ""nombre"": ""Maestro 94"", ""email"": ""q2l7u1km7qj6@example.com"", ""estado"": ""rechazada"", ""paid"": true}'"
inscripcion,"b'{""timestamp"": 1698515546, ""id"": ""gdgjb7i"", ""nombre"": ""Maestro mey"", ""email"": ""n9x@example.com"", ""estado"": ""rechazada"", ""paid"": false}'"
inscripcion,"b'{""timestamp"": 1698515549, ""id"": ""6f56f4cs62a4t0f"", ""nombre"": ""Maestro x5oye"", ""email"": ""wu6q41k@example.com"", ""estado"": ""pendiente"", ""paid"": false}'"
inscripcion,"b'{""timestamp"": 1698515552, ""id"": ""gjwpoaidr8"", ""nombre"": ""Maestro 38elwtmbix"", ""email"": ""3dk6zm@example.com"", ""estado"": ""aprobada"", ""paid"": true}'"
inscripcion,"b'{""timestamp"": 1698517649, ""id"": ""seqxg2u7cxgmuxcn1"", ""nombre"": ""Maestro s72b7y4"", ""email"": ""zy2bcyc3kjv@example.com"", ""estado"": ""aprobada"", ""paid"": true}'"
inscripcion,"b'{""timestamp"": 1698517652, ""id"": ""denz"", ""nombre"": ""Maestro bk07ve"", ""email"": ""uk70atnbf0oj4kgr@example.com"", ""estado"": ""aprobada"", ""paid"": false}'"
inscripcion,"b'{""timestamp"": 1698517655, ""id"": ""brth0"", ""nombre"": ""Maestro jp2ymc169bp"", ""email"": ""h71j2vzjrohkhm@example.com"", ""estado"": ""pendiente"", ""paid"": true}'"
inscripcion,"b'{""timestamp"": 1698517658, ""id"": ""j98qn2dm2k91"", ""nombre"": ""Maestro mrasog610zw0zfu1qn"", ""email"": ""vk@example.com"", ""estado"": ""aprobada"", ""paid"": false}'"
inscripcion,"b'{""timestamp"": 1698517661, ""id"": ""terys0u6e0s2wl"", ""nombre"": ""Maestro x9mtjqx"", ""email"": ""qtri@example.com"", ""estado"": ""rechazada"", ""paid"": false}'"
inscripcion,"b'{""timestamp"": 1698517664, ""id"": ""1a1ulcyoshdeoe3m828v"", ""nombre"": ""Maestro btxmp77"", ""email"": ""77o7mq5h@example.com"", ""estado"": ""rechazada"", ""paid"": false}'"
inscripcion,"b'{""timestamp"": 1698517667, ""id"": ""aokp955tf437tqp0"", ""nombre"": ""Maestro 86"", ""email"": ""v@example.com"", ""estado"": ""aprobada"", ""paid"": true}'"
inscripcion,"b'{""timestamp"": 1698521145, ""id"": ""hg3dj"", ""nombre"": ""Maestro w9f5"", ""email"": ""z6k4hb7@example.com"", ""estado"": ""rechazada"", ""paid"": true}'"
inscripcion,"b'{""timestamp"": 1698521148, ""id"": ""pbsxgsdyravz6839yra8"", ""nombre"": ""Maestro v5g2c70mij3dk5vc34x"", ""email"": ""4jj17zdmvc32fsgk9ft0@example.com"", ""estado"": ""aprobada"", ""paid"": true}'"
inscripcion,"b'{""timestamp"": 1698521151, ""id"": ""bggc"", ""nombre"": ""Maestro r2pi"", ""email"": ""rh7lfgsa2ydghuxk6w@example.com"", ""estado"": ""rechazada"", ""paid"": true}'"
inscripcion,"b'{""timestamp"": 1698521154, ""id"": ""jzkqn5hn"", ""nombre"": ""Maestro butgxzad"", ""email"": ""crgqhzebur985b0mp@example.com"", ""estado"": ""rechazada"", ""paid"": true}'"
inscripcion,"b'{""timestamp"": 1698521157, ""id"": ""nttznbb2h6o0di"", ""nombre"": ""Maestro 7hc20y7cxxj9qop77dp0"", ""email"": ""7a8t1bzj@example.com"", ""estado"": ""pendiente"", ""paid"": false}'"
inscripcion,"b'{""timestamp"": 1698533053, ""id"": ""g"", ""nombre"": ""Maestro 2h1fopbkw4jm5"", ""email"": ""023qtzyoourhxzx1i@example.com"", ""estado"": ""rechazada"", ""paid"": false}'"
inscripcion,"b'{""timestamp"": 1698533056, ""id"": ""w9wpu9ojfvlr2"", ""nombre"": ""Maestro x09x5p92iqf7y0d5a"", ""email"": ""r5h2a6l3mxftdpr811eh@example.com"", ""estado"": ""aprobada"", ""paid"": true}'"
